<?xml version="1.0" encoding="UTF-8" standalone="no"?>
<root>
 <AI_count>6</AI_count>
 <AO_count>4</AO_count>
 <AV_count>5</AV_count>
 <BI_count>8</BI_count>
 <BO_count>4</BO_count>
 <BV_count>5</BV_count>
 <SCHEDULE_count>0</SCHEDULE_count>

 <key  number="1100001">
  <Object_Name>UI1 </Object_Name>
  <Offset>0.100</Offset>
  <Description>ANALOG INPUT 1</Description>
  <Device_Type>NTC20K</Device_Type>
  <Units>98</Units>
  <Min_Pres_Value>-50.00</Min_Pres_Value>
  <Max_Pres_Value>100.000</Max_Pres_Value>
  <COV_Increment>1.000</COV_Increment>
  <High_Limit>100.000</High_Limit>
  <Low_Limit>-50.000</Low_Limit>
  <Deadband>0.000</Deadband>
  <Limit_Enable>0</Limit_Enable>
  <Event_Enable>0</Event_Enable>
  <Notify_Type>0</Notify_Type>
  <Time_Delay>0</Time_Delay>
  <Notification_Class>1</Notification_Class>
 </key>
 <key  number="1100002">
  <Object_Name>UI2 </Object_Name>
  <Offset>0.000</Offset>
  <Description>ANALOG INPUT2</Description>
  <Device_Type>NTC20K</Device_Type>
  <Units>98</Units>
  <Min_Pres_Value>-50.000</Min_Pres_Value>
  <Max_Pres_Value>100.000</Max_Pres_Value>
  <COV_Increment>1.000</COV_Increment>
  <High_Limit>100.000</High_Limit>
  <Low_Limit>-50.000</Low_Limit>
  <Deadband>0.000</Deadband>
  <Limit_Enable>0</Limit_Enable>
  <Event_Enable>0</Event_Enable>
  <Notify_Type>0</Notify_Type>
  <Time_Delay>0</Time_Delay>
  <Notification_Class>1</Notification_Class>
 </key>
 <key  number="1100003">
  <Object_Name>UI3 </Object_Name>
  <Offset>0.000</Offset>
  <Description>ANALOG INPUT3</Description>
  <Device_Type>NTC20K</Device_Type>
  <Units>98</Units>
  <Min_Pres_Value>-50.000</Min_Pres_Value>
  <Max_Pres_Value>100.000</Max_Pres_Value>
  <COV_Increment>1.000</COV_Increment>
  <High_Limit>100.000</High_Limit>
  <Low_Limit>-50.000</Low_Limit>
  <Deadband>0.000</Deadband>
  <Limit_Enable>0</Limit_Enable>
  <Event_Enable>0</Event_Enable>
  <Notify_Type>0</Notify_Type>
  <Time_Delay>0</Time_Delay>
  <Notification_Class>1</Notification_Class>
 </key>
 <key  number="1100004">
  <Object_Name>UI4 </Object_Name>
  <Offset>0.000</Offset>
  <Description>ANALOG INPUT4</Description>
  <Device_Type>NTC20K</Device_Type>
  <Units>98</Units>
  <Min_Pres_Value>-50.000</Min_Pres_Value>
  <Max_Pres_Value>100.000</Max_Pres_Value>
  <COV_Increment>1.000</COV_Increment>
  <High_Limit>100.000</High_Limit>
  <Low_Limit>-50.000</Low_Limit>
  <Deadband>0.000</Deadband>
  <Limit_Enable>0</Limit_Enable>
  <Event_Enable>0</Event_Enable>
  <Notify_Type>0</Notify_Type>
  <Time_Delay>0</Time_Delay>
  <Notification_Class>1</Notification_Class>
 </key>
 <key  number="1100005">
  <Object_Name>UI5 </Object_Name>
  <Offset>0.000</Offset>
  <Description>ANALOG INPUT3</Description>
  <Device_Type>NTC20K</Device_Type>
  <Units>98</Units>
  <Min_Pres_Value>-50.000</Min_Pres_Value>
  <Max_Pres_Value>100.000</Max_Pres_Value>
  <COV_Increment>1.000</COV_Increment>
  <High_Limit>100.000</High_Limit>
  <Low_Limit>-50.000</Low_Limit>
  <Deadband>0.000</Deadband>
  <Limit_Enable>0</Limit_Enable>
  <Event_Enable>0</Event_Enable>
  <Notify_Type>0</Notify_Type>
  <Time_Delay>0</Time_Delay>
  <Notification_Class>1</Notification_Class>
 </key>
 <key  number="1100006">
  <Object_Name>UI6 </Object_Name>
  <Offset>0.000</Offset>
  <Description>ANALOG INPUT3</Description>
  <Device_Type>NTC20K</Device_Type>
  <Units>98</Units>
  <Min_Pres_Value>-50.000</Min_Pres_Value>
  <Max_Pres_Value>100.000</Max_Pres_Value>
  <COV_Increment>1.000</COV_Increment>
  <High_Limit>100.000</High_Limit>
  <Low_Limit>-50.000</Low_Limit>
  <Deadband>0.000</Deadband>
  <Limit_Enable>0</Limit_Enable>
  <Event_Enable>0</Event_Enable>
  <Notify_Type>0</Notify_Type>
  <Time_Delay>0</Time_Delay>
  <Notification_Class>1</Notification_Class>
 </key>
 <key  number="1100101">
  <Object_Name>ANALOG OUTPUT1</Object_Name>
  <Offset>1.000</Offset>
  <Description>ANALOG OUTPUT1</Description>
  <Device_Type>0-10=0-100</Device_Type>
  <COV_Increment>0.500</COV_Increment>
  <High_Limit>100</High_Limit>
  <Low_Limit>-50.000</Low_Limit>
  <Deadband>0.000</Deadband>
  <Limit_Enable>0</Limit_Enable>
  <Event_Enable>0</Event_Enable>
  <Notify_Type>0</Notify_Type>
  <Time_Delay>0</Time_Delay>
  <Notification_Class>1</Notification_Class>
 </key>
 <key  number="1100102">
  <Object_Name>ANALOG OUTPUT2</Object_Name>
  <Offset>1.000</Offset>
  <Description>ANALOG OUTPUT2</Description>
  <Device_Type>0-10=0-100</Device_Type>
  <COV_Increment>0.500</COV_Increment>
  <High_Limit>100</High_Limit>
  <Low_Limit>-50.000</Low_Limit>
  <Deadband>0.000</Deadband>
  <Limit_Enable>0</Limit_Enable>
  <Event_Enable>0</Event_Enable>
  <Notify_Type>0</Notify_Type>
  <Time_Delay>0</Time_Delay>
  <Notification_Class>1</Notification_Class>
 </key>
 <key  number="1100103">
  <Object_Name>ANALOG OUTPUT3</Object_Name>
  <Offset>1.000</Offset>
  <Description>ANALOG OUTPUT 3</Description>
  <Device_Type>0-10=0-100</Device_Type>
  <COV_Increment>0.500</COV_Increment>
  <High_Limit>100</High_Limit>
  <Low_Limit>-50.000</Low_Limit>
  <Deadband>0.000</Deadband>
  <Limit_Enable>0</Limit_Enable>
  <Event_Enable>0</Event_Enable>
  <Notify_Type>0</Notify_Type>
  <Time_Delay>0</Time_Delay>
  <Notification_Class>1</Notification_Class>
 </key>
 <key  number="1100104">
  <Object_Name>ANALOG OUTPUT4</Object_Name>
  <Offset>1.000</Offset>
  <Description>ANALOG OUTPUT4</Description>
  <Device_Type>0-10=0-100</Device_Type>
  <COV_Increment>0.500</COV_Increment>
  <High_Limit>100</High_Limit>
  <Low_Limit>-50.000</Low_Limit>
  <Deadband>0.000</Deadband>
  <Limit_Enable>0</Limit_Enable>
  <Event_Enable>0</Event_Enable>
  <Notify_Type>0</Notify_Type>
  <Time_Delay>0</Time_Delay>
  <Notification_Class>1</Notification_Class>
 </key>
 <key  number="1100201">
  <Object_Name>ANALOG VALUE1</Object_Name>
  <Description>ANALOG VALUE1</Description>
  <COV_Increment>0.500</COV_Increment>
  <High_Limit>100</High_Limit>
  <Low_Limit>-50.000</Low_Limit>
  <Deadband>0.000</Deadband>
  <Limit_Enable>0</Limit_Enable>
  <Event_Enable>0</Event_Enable>
  <Notify_Type>0</Notify_Type>
  <Time_Delay>0</Time_Delay>
  <Notification_Class>1</Notification_Class>
 </key>
 <key  number="1100202">
  <Object_Name>ANALOG VALUE2</Object_Name>
  <Description>ANALOG VALUE</Description>
  <COV_Increment>0.500</COV_Increment>
  <High_Limit>100</High_Limit>
  <Low_Limit>-50.000</Low_Limit>
  <Deadband>0.000</Deadband>
  <Limit_Enable>0</Limit_Enable>
  <Event_Enable>0</Event_Enable>
  <Notify_Type>0</Notify_Type>
  <Time_Delay>0</Time_Delay>
  <Notification_Class>1</Notification_Class>
 </key>
 <key  number="1100203">
  <Object_Name>ANALOG VALUE3</Object_Name>
  <Description>ANALOG VALUE3</Description>
  <COV_Increment>0.500</COV_Increment>
  <High_Limit>100</High_Limit>
  <Low_Limit>-50.000</Low_Limit>
  <Deadband>0.000</Deadband>
  <Limit_Enable>0</Limit_Enable>
  <Event_Enable>0</Event_Enable>
  <Notify_Type>0</Notify_Type>
  <Time_Delay>0</Time_Delay>
  <Notification_Class>1</Notification_Class>
 </key>
 <key  number="1100204">
  <Object_Name>ANALOG VALUE4</Object_Name>
  <Description>ANALOG VALUE4</Description>
  <COV_Increment>0.500</COV_Increment>
  <High_Limit>100</High_Limit>
  <Low_Limit>-50.000</Low_Limit>
  <Deadband>0.000</Deadband>
  <Limit_Enable>0</Limit_Enable>
  <Event_Enable>0</Event_Enable>
  <Notify_Type>0</Notify_Type>
  <Time_Delay>0</Time_Delay>
  <Notification_Class>1</Notification_Class>
 </key>
 <key  number="1100205">
  <Object_Name>ANALOG VALUE5</Object_Name>
  <Description>ANALOG VALUE5</Description>
  <COV_Increment>0.500</COV_Increment>
  <High_Limit>100</High_Limit>
  <Low_Limit>-50.000</Low_Limit>
  <Deadband>0.000</Deadband>
  <Limit_Enable>0</Limit_Enable>
  <Event_Enable>0</Event_Enable>
  <Notify_Type>0</Notify_Type>
  <Time_Delay>0</Time_Delay>
  <Notification_Class>1</Notification_Class>
 </key>
 <key  number="1100301">
  <Object_Name>BINARY_INPUT1</Object_Name>
  <Description>BINARY_INPUT1</Description>
  <Device>
  </Device>
  <Inactive_Text>Off</Inactive_Text>
  <Active_Text>On</Active_Text>
  <Event_Enable>0</Event_Enable>
  <Notify_Type>0</Notify_Type>
  <Time_Delay>0</Time_Delay>
  <Alarm_Value>0</Alarm_Value>
  <Notification_Class>1</Notification_Class>
 </key>
 <key  number="1100302">
  <Object_Name>BINARY_INPUT2</Object_Name>
  <Description>BINARY_INPUT2</Description>
  <Device>
  </Device>
  <Inactive_Text>Off</Inactive_Text>
  <Active_Text>On</Active_Text>
  <Event_Enable>0</Event_Enable>
  <Notify_Type>0</Notify_Type>
  <Time_Delay>0</Time_Delay>
  <Alarm_Value>0</Alarm_Value>
  <Notification_Class>1</Notification_Class>
 </key>
 <key  number="1100303">
  <Object_Name>BINARY_INPUT3</Object_Name>
  <Description>BINARY_INPUT3</Description>
  <Device>
  </Device>
  <Inactive_Text>Off</Inactive_Text>
  <Active_Text>On</Active_Text>
  <Event_Enable>0</Event_Enable>
  <Notify_Type>0</Notify_Type>
  <Time_Delay>0</Time_Delay>
  <Alarm_Value>0</Alarm_Value>
  <Notification_Class>1</Notification_Class>
 </key>
 <key  number="1100304">
  <Object_Name>BINARY_INPUT4</Object_Name>
  <Description>BINARY_INPUT4</Description>
  <Device>
  </Device>
  <Inactive_Text>Off</Inactive_Text>
  <Active_Text>On</Active_Text>
  <Event_Enable>0</Event_Enable>
  <Notify_Type>0</Notify_Type>
  <Time_Delay>0</Time_Delay>
  <Alarm_Value>0</Alarm_Value>
  <Notification_Class>1</Notification_Class>
 </key>
 <key  number="1100305">
  <Object_Name>BINARY_INPUT5</Object_Name>
  <Description>BINARY_INPUT5</Description>
  <Device>
  </Device>
  <Inactive_Text>Off</Inactive_Text>
  <Active_Text>On</Active_Text>
  <Event_Enable>0</Event_Enable>
  <Notify_Type>0</Notify_Type>
  <Time_Delay>0</Time_Delay>
  <Alarm_Value>0</Alarm_Value>
  <Notification_Class>1</Notification_Class>
 </key>
 <key  number="1100306">
  <Object_Name>BINARY_INPUT6</Object_Name>
  <Description>BINARY_INPUT6</Description>
  <Device>
  </Device>
  <Inactive_Text>Off</Inactive_Text>
  <Active_Text>On</Active_Text>
  <Event_Enable>0</Event_Enable>
  <Notify_Type>0</Notify_Type>
  <Time_Delay>0</Time_Delay>
  <Alarm_Value>0</Alarm_Value>
  <Notification_Class>1</Notification_Class>
 </key>
 <key  number="1100307">
  <Object_Name>BINARY_INPUT7</Object_Name>
  <Description>BINARY_INPUT7</Description>
  <Device>
  </Device>
  <Inactive_Text>Off</Inactive_Text>
  <Active_Text>On</Active_Text>
  <Event_Enable>0</Event_Enable>
  <Notify_Type>0</Notify_Type>
  <Time_Delay>0</Time_Delay>
  <Alarm_Value>0</Alarm_Value>
  <Notification_Class>1</Notification_Class>
 </key>
 <key  number="1100308">
  <Object_Name>BINARY_INPUT8</Object_Name>
  <Description>BINARY_INPUT8</Description>
  <Device>
  </Device>
  <Inactive_Text>Off</Inactive_Text>
  <Active_Text>On</Active_Text>
  <Event_Enable>0</Event_Enable>
  <Notify_Type>0</Notify_Type>
  <Time_Delay>0</Time_Delay>
  <Alarm_Value>0</Alarm_Value>
  <Notification_Class>1</Notification_Class>
 </key>
 <key  number="1100401">
  <Object_Name>BINARY_OUTPUT 1</Object_Name>
  <Description>BINARY_OUTPUT 1</Description>
  <Device_Type>normal</Device_Type>
  <Inactive_Text>Off</Inactive_Text>
  <Active_Text>On</Active_Text>
  <Event_Enable>0</Event_Enable>
  <Notify_Type>0</Notify_Type>
  <Time_Delay>0</Time_Delay>
  <Alarm_Value>0</Alarm_Value>
  <Notification_Class>1</Notification_Class>
 </key>
  <key  number="1100402">
  <Object_Name>BINARY_OUTPUT 2</Object_Name>
  <Description>BINARY_OUTPUT 2</Description>
  <Device_Type>normal</Device_Type>
  <Inactive_Text>Off</Inactive_Text>
  <Active_Text>On</Active_Text>
  <Event_Enable>0</Event_Enable>
  <Notify_Type>0</Notify_Type>
  <Time_Delay>0</Time_Delay>
  <Alarm_Value>0</Alarm_Value>
  <Notification_Class>1</Notification_Class>
 </key>
  <key  number="1100403">
  <Object_Name>BINARY_OUTPUT 3</Object_Name>
  <Description>BINARY_OUTPUT 3</Description>
  <Device_Type>normal</Device_Type>
  <Inactive_Text>Off</Inactive_Text>
  <Active_Text>On</Active_Text>
  <Event_Enable>0</Event_Enable>
  <Notify_Type>0</Notify_Type>
  <Time_Delay>0</Time_Delay>
  <Alarm_Value>0</Alarm_Value>
  <Notification_Class>1</Notification_Class>
 </key>
   <key  number="1100404">
  <Object_Name>BINARY_OUTPUT 4</Object_Name>
  <Description>BINARY_OUTPUT 4</Description>
  <Device_Type>normal</Device_Type>
  <Inactive_Text>Off</Inactive_Text>
  <Active_Text>On</Active_Text>
  <Event_Enable>0</Event_Enable>
  <Notify_Type>0</Notify_Type>
  <Time_Delay>0</Time_Delay>
  <Alarm_Value>0</Alarm_Value>
  <Notification_Class>1</Notification_Class>
 </key>

 <key  number="1100501">
  <Object_Name>BINARY_VALUE1</Object_Name>
  <Description>BINARY_VALUE1</Description>
  <Device_Type>normal</Device_Type>
  <Inactive_Text>Off</Inactive_Text>
  <Active_Text>On</Active_Text>
  <Event_Enable>0</Event_Enable>
  <Notify_Type>0</Notify_Type>
  <Time_Delay>0</Time_Delay>
  <Alarm_Value>0</Alarm_Value>
  <Notification_Class>1</Notification_Class>
 </key>
 <key  number="1100502">
  <Object_Name>BINARY_VALUE2</Object_Name>
  <Description>BINARY_VALUE2</Description>
  <Device_Type>normal</Device_Type>
  <Inactive_Text>Off</Inactive_Text>
  <Active_Text>On</Active_Text>
  <Event_Enable>0</Event_Enable>
  <Notify_Type>0</Notify_Type>
  <Time_Delay>0</Time_Delay>
  <Alarm_Value>0</Alarm_Value>
  <Notification_Class>1</Notification_Class>
 </key>
 <key  number="1100503">
  <Object_Name>BINARY_VALUE3</Object_Name>
  <Description>BINARY_VALUE3</Description>
  <Device_Type>normal</Device_Type>
  <Inactive_Text>Off</Inactive_Text>
  <Active_Text>On</Active_Text>
  <Event_Enable>0</Event_Enable>
  <Notify_Type>0</Notify_Type>
  <Time_Delay>0</Time_Delay>
  <Alarm_Value>0</Alarm_Value>
  <Notification_Class>1</Notification_Class>
 </key>
 <key  number="1100504">
  <Object_Name>BINARY_VALUE4</Object_Name>
  <Description>BINARY_VALUE4</Description>
  <Device_Type>normal</Device_Type>
  <Inactive_Text>Off</Inactive_Text>
  <Active_Text>On</Active_Text>
  <Event_Enable>0</Event_Enable>
  <Notify_Type>0</Notify_Type>
  <Time_Delay>0</Time_Delay>
  <Alarm_Value>0</Alarm_Value>
  <Notification_Class>1</Notification_Class>
 </key>
 <key  number="1100505">
  <Object_Name>BINARY_VALUE5</Object_Name>
  <Description>BINARY_VALUE5</Description>
  <Device_Type>normal</Device_Type>
  <Inactive_Text>Off</Inactive_Text>
  <Active_Text>On</Active_Text>
  <Event_Enable>0</Event_Enable>
  <Notify_Type>0</Notify_Type>
  <Time_Delay>0</Time_Delay>
  <Alarm_Value>0</Alarm_Value>
  <Notification_Class>1</Notification_Class>
 </key>
 <key  number="1100801">
  <Object_Name>E1022Controller</Object_Name>
 </key>
</root>