<?xml version="1.0" encoding="UTF-8" standalone="no"?>
<root>
 <AI_count>0</AI_count>
 <AO_count>0</AO_count>
 <AV_count>5</AV_count>
 <BI_count>16</BI_count>
 <BO_count>4</BO_count>
 <BV_count>5</BV_count>
 <SCHEDULE_count>0</SCHEDULE_count>
 <key  number="1100301">
  <Object_Name>BINARY_INPUT1</Object_Name>
  <Description>BINARY_INPUT1</Description>
  <Device>
  </Device>
  <Inactive_Text>Off</Inactive_Text>
  <Active_Text>On</Active_Text>
  <Event_Enable>0</Event_Enable>
  <Notify_Type>0</Notify_Type>
  <Time_Delay>0</Time_Delay>
  <Alarm_Value>0</Alarm_Value>
  <Notification_Class>1</Notification_Class>
 </key>
 <key  number="1100302">
  <Object_Name>BINARY_INPUT2</Object_Name>
  <Description>BINARY_INPUT2</Description>
  <Device>
  </Device>
  <Inactive_Text>Off</Inactive_Text>
  <Active_Text>On</Active_Text>
  <Event_Enable>0</Event_Enable>
  <Notify_Type>0</Notify_Type>
  <Time_Delay>0</Time_Delay>
  <Alarm_Value>0</Alarm_Value>
  <Notification_Class>1</Notification_Class>
 </key>
 <key  number="1100303">
  <Object_Name>BINARY_INPUT3</Object_Name>
  <Description>BINARY_INPUT3</Description>
  <Device>
  </Device>
  <Inactive_Text>Off</Inactive_Text>
  <Active_Text>On</Active_Text>
  <Event_Enable>0</Event_Enable>
  <Notify_Type>0</Notify_Type>
  <Time_Delay>0</Time_Delay>
  <Alarm_Value>0</Alarm_Value>
  <Notification_Class>1</Notification_Class>
 </key>
 <key  number="1100304">
  <Object_Name>BINARY_INPUT4</Object_Name>
  <Description>BINARY_INPUT4</Description>
  <Device>
  </Device>
  <Inactive_Text>Off</Inactive_Text>
  <Active_Text>On</Active_Text>
  <Event_Enable>0</Event_Enable>
  <Notify_Type>0</Notify_Type>
  <Time_Delay>0</Time_Delay>
  <Alarm_Value>0</Alarm_Value>
  <Notification_Class>1</Notification_Class>
 </key>
 <key  number="1100305">
  <Object_Name>BINARY_INPUT5</Object_Name>
  <Description>BINARY_INPUT5</Description>
  <Device>
  </Device>
  <Inactive_Text>Off</Inactive_Text>
  <Active_Text>On</Active_Text>
  <Event_Enable>0</Event_Enable>
  <Notify_Type>0</Notify_Type>
  <Time_Delay>0</Time_Delay>
  <Alarm_Value>0</Alarm_Value>
  <Notification_Class>1</Notification_Class>
 </key>
 <key  number="1100306">
  <Object_Name>BINARY_INPUT6</Object_Name>
  <Description>BINARY_INPUT6</Description>
  <Device>
  </Device>
  <Inactive_Text>Off</Inactive_Text>
  <Active_Text>On</Active_Text>
  <Event_Enable>0</Event_Enable>
  <Notify_Type>0</Notify_Type>
  <Time_Delay>0</Time_Delay>
  <Alarm_Value>0</Alarm_Value>
  <Notification_Class>1</Notification_Class>
 </key>
 <key  number="1100307">
  <Object_Name>BINARY_INPUT7</Object_Name>
  <Description>BINARY_INPUT7</Description>
  <Device>
  </Device>
  <Inactive_Text>Off</Inactive_Text>
  <Active_Text>On</Active_Text>
  <Event_Enable>0</Event_Enable>
  <Notify_Type>0</Notify_Type>
  <Time_Delay>0</Time_Delay>
  <Alarm_Value>0</Alarm_Value>
  <Notification_Class>1</Notification_Class>
 </key>
 <key  number="1100308">
  <Object_Name>BINARY_INPUT8</Object_Name>
  <Description>BINARY_INPUT8</Description>
  <Device>
  </Device>
  <Inactive_Text>Off</Inactive_Text>
  <Active_Text>On</Active_Text>
  <Event_Enable>0</Event_Enable>
  <Notify_Type>0</Notify_Type>
  <Time_Delay>0</Time_Delay>
  <Alarm_Value>0</Alarm_Value>
  <Notification_Class>1</Notification_Class>
 </key>
 <key  number="1100309">
  <Object_Name>BINARY_INPUT9</Object_Name>
  <Description>BINARY_INPUT9</Description>
  <Device>
  </Device>
  <Inactive_Text>Off</Inactive_Text>
  <Active_Text>On</Active_Text>
  <Event_Enable>0</Event_Enable>
  <Notify_Type>0</Notify_Type>
  <Time_Delay>0</Time_Delay>
  <Alarm_Value>0</Alarm_Value>
  <Notification_Class>1</Notification_Class>
 </key>
 <key  number="1100310">
  <Object_Name>BINARY_INPUT10</Object_Name>
  <Description>BINARY_INPUT10</Description>
  <Device>
  </Device>
  <Inactive_Text>Off</Inactive_Text>
  <Active_Text>On</Active_Text>
  <Event_Enable>0</Event_Enable>
  <Notify_Type>0</Notify_Type>
  <Time_Delay>0</Time_Delay>
  <Alarm_Value>0</Alarm_Value>
  <Notification_Class>1</Notification_Class>
 </key>
 <key  number="1100311">
  <Object_Name>BINARY_INPUT11</Object_Name>
  <Description>BINARY_INPUT11</Description>
  <Device>
  </Device>
  <Inactive_Text>Off</Inactive_Text>
  <Active_Text>On</Active_Text>
  <Event_Enable>0</Event_Enable>
  <Notify_Type>0</Notify_Type>
  <Time_Delay>0</Time_Delay>
  <Alarm_Value>0</Alarm_Value>
  <Notification_Class>1</Notification_Class>
 </key>
 <key  number="1100312">
  <Object_Name>BINARY_INPUT12</Object_Name>
  <Description>BINARY_INPUT12</Description>
  <Device>
  </Device>
  <Inactive_Text>Off</Inactive_Text>
  <Active_Text>On</Active_Text>
  <Event_Enable>0</Event_Enable>
  <Notify_Type>0</Notify_Type>
  <Time_Delay>0</Time_Delay>
  <Alarm_Value>0</Alarm_Value>
  <Notification_Class>1</Notification_Class>
 </key>
 <key  number="1100313">
  <Object_Name>BINARY_INPUT13</Object_Name>
  <Description>BINARY_INPUT13</Description>
  <Device>
  </Device>
  <Inactive_Text>Off</Inactive_Text>
  <Active_Text>On</Active_Text>
  <Event_Enable>0</Event_Enable>
  <Notify_Type>0</Notify_Type>
  <Time_Delay>0</Time_Delay>
  <Alarm_Value>0</Alarm_Value>
  <Notification_Class>1</Notification_Class>
 </key>
 <key  number="1100314">
  <Object_Name>BINARY_INPUT14</Object_Name>
  <Description>BINARY_INPUT14</Description>
  <Device>
  </Device>
  <Inactive_Text>Off</Inactive_Text>
  <Active_Text>On</Active_Text>
  <Event_Enable>0</Event_Enable>
  <Notify_Type>0</Notify_Type>
  <Time_Delay>0</Time_Delay>
  <Alarm_Value>0</Alarm_Value>
  <Notification_Class>1</Notification_Class>
 </key>
 <key  number="1100315">
  <Object_Name>BINARY_INPUT15</Object_Name>
  <Description>BINARY_INPUT15</Description>
  <Device>
  </Device>
  <Inactive_Text>Off</Inactive_Text>
  <Active_Text>On</Active_Text>
  <Event_Enable>0</Event_Enable>
  <Notify_Type>0</Notify_Type>
  <Time_Delay>0</Time_Delay>
  <Alarm_Value>0</Alarm_Value>
  <Notification_Class>1</Notification_Class>
 </key>
 <key  number="1100316">
  <Object_Name>BINARY_INPUT16</Object_Name>
  <Description>BINARY_INPUT16</Description>
  <Device>
  </Device>
  <Inactive_Text>Off</Inactive_Text>
  <Active_Text>On</Active_Text>
  <Event_Enable>0</Event_Enable>
  <Notify_Type>0</Notify_Type>
  <Time_Delay>0</Time_Delay>
  <Alarm_Value>0</Alarm_Value>
  <Notification_Class>1</Notification_Class>
 </key>
 <key  number="1100401">
  <Object_Name>BINARY_OUTPUT 1</Object_Name>
  <Description>BINARY_OUTPUT 1</Description>
  <Device_Type>normal</Device_Type>
  <Inactive_Text>Off</Inactive_Text>
  <Active_Text>On</Active_Text>
  <Event_Enable>0</Event_Enable>
  <Notify_Type>0</Notify_Type>
  <Time_Delay>0</Time_Delay>
  <Alarm_Value>0</Alarm_Value>
  <Notification_Class>1</Notification_Class>
 </key>
  <key  number="1100402">
  <Object_Name>BINARY_OUTPUT 2</Object_Name>
  <Description>BINARY_OUTPUT 2</Description>
  <Device_Type>normal</Device_Type>
  <Inactive_Text>Off</Inactive_Text>
  <Active_Text>On</Active_Text>
  <Event_Enable>0</Event_Enable>
  <Notify_Type>0</Notify_Type>
  <Time_Delay>0</Time_Delay>
  <Alarm_Value>0</Alarm_Value>
  <Notification_Class>1</Notification_Class>
 </key>
 <key  number="1100402">
  <Object_Name>BO32</Object_Name>
  <Description>BO32</Description>
  <Device_Type>normal</Device_Type>
  <Inactive_Text>Off</Inactive_Text>
  <Active_Text>On</Active_Text>
  <Event_Enable>0</Event_Enable>
  <Notify_Type>0</Notify_Type>
  <Time_Delay>0</Time_Delay>
  <Alarm_Value>0</Alarm_Value>
  <Notification_Class>1</Notification_Class>
 </key>
 <key  number="1100403">
  <Object_Name>BINARY_OUTPUT 3</Object_Name>
  <Description>BINARY_OUTPUT 3</Description>
  <Device_Type>normal</Device_Type>
  <Inactive_Text>Off</Inactive_Text>
  <Active_Text>On</Active_Text>
  <Event_Enable>0</Event_Enable>
  <Notify_Type>0</Notify_Type>
  <Time_Delay>0</Time_Delay>
  <Alarm_Value>0</Alarm_Value>
  <Notification_Class>1</Notification_Class>
 </key>
 
 <key  number="1100404">
  <Object_Name>BINARY_OUTPUT 4</Object_Name>
  <Description>BINARY_OUTPUT 4</Description>
  <Device_Type>normal</Device_Type>
  <Inactive_Text>Off</Inactive_Text>
  <Active_Text>On</Active_Text>
  <Event_Enable>0</Event_Enable>
  <Notify_Type>0</Notify_Type>
  <Time_Delay>0</Time_Delay>
  <Alarm_Value>0</Alarm_Value>
  <Notification_Class>1</Notification_Class>
 </key>

 <key  number="1100501">
  <Object_Name>BINARY_VALUE1</Object_Name>
  <Description>BINARY_VALUE1</Description>
  <Device_Type>normal</Device_Type>
  <Inactive_Text>Off</Inactive_Text>
  <Active_Text>On</Active_Text>
  <Event_Enable>0</Event_Enable>
  <Notify_Type>0</Notify_Type>
  <Time_Delay>0</Time_Delay>
  <Alarm_Value>0</Alarm_Value>
  <Notification_Class>1</Notification_Class>
 </key>
 <key  number="1100502">
  <Object_Name>BINARY_VALUE2</Object_Name>
  <Description>BINARY_VALUE2</Description>
  <Device_Type>normal</Device_Type>
  <Inactive_Text>Off</Inactive_Text>
  <Active_Text>On</Active_Text>
  <Event_Enable>0</Event_Enable>
  <Notify_Type>0</Notify_Type>
  <Time_Delay>0</Time_Delay>
  <Alarm_Value>0</Alarm_Value>
  <Notification_Class>1</Notification_Class>
 </key>
 <key  number="1100503">
  <Object_Name>BINARY_VALUE3</Object_Name>
  <Description>BINARY_VALUE3</Description>
  <Device_Type>normal</Device_Type>
  <Inactive_Text>Off</Inactive_Text>
  <Active_Text>On</Active_Text>
  <Event_Enable>0</Event_Enable>
  <Notify_Type>0</Notify_Type>
  <Time_Delay>0</Time_Delay>
  <Alarm_Value>0</Alarm_Value>
  <Notification_Class>1</Notification_Class>
 </key>
 <key  number="1100504">
  <Object_Name>BINARY_VALUE4</Object_Name>
  <Description>BINARY_VALUE4</Description>
  <Device_Type>normal</Device_Type>
  <Inactive_Text>Off</Inactive_Text>
  <Active_Text>On</Active_Text>
  <Event_Enable>0</Event_Enable>
  <Notify_Type>0</Notify_Type>
  <Time_Delay>0</Time_Delay>
  <Alarm_Value>0</Alarm_Value>
  <Notification_Class>1</Notification_Class>
 </key>
 <key  number="1100505">
  <Object_Name>BINARY_VALUE5</Object_Name>
  <Description>BINARY_VALUE5</Description>
  <Device_Type>normal</Device_Type>
  <Inactive_Text>Off</Inactive_Text>
  <Active_Text>On</Active_Text>
  <Event_Enable>0</Event_Enable>
  <Notify_Type>0</Notify_Type>
  <Time_Delay>0</Time_Delay>
  <Alarm_Value>0</Alarm_Value>
  <Notification_Class>1</Notification_Class>
 </key>
 <key  number="1100801">
  <Object_Name>E1020 Controller</Object_Name>
 </key>
</root>