<?xml version="1.0" encoding="UTF-8" standalone="no"?>
<root>
s <AI_count>6</AI_count>
 <AO_count>4</AO_count>
 <AV_count>5</AV_count>
 <BI_count>8</BI_count>
 <BO_count>10</BO_count>
 <BV_count>5</BV_count>
 <SCHEDULE_count>0</SCHEDULE_count>
 <key  number="2323001">
  <Object_Name>UI1 </Object_Name>
  <Offset>0.100</Offset>
  <Description>ANALOG INPUT 1</Description>
  <Device_Type>NTC20K</Device_Type>
  <Units>98</Units>
  <Min_Pres_Value>0.00</Min_Pres_Value>
  <Max_Pres_Value>100.000</Max_Pres_Value>
  <COV_Increment>1.000</COV_Increment>
  <High_Limit>100.000</High_Limit>
  <Low_Limit>0.000</Low_Limit>
  <Deadband>0.000</Deadband>
  <Limit_Enable>0</Limit_Enable>
  <Event_Enable>0</Event_Enable>
  <Notify_Type>0</Notify_Type>
  <Time_Delay>0</Time_Delay>
  <Notification_Class>1</Notification_Class>
 </key>
 <key  number="2323002">
  <Object_Name>UI2 </Object_Name>
  <Offset>0.000</Offset>
  <Description>ANALOG INPUT2</Description>
  <Device_Type>NTC20K</Device_Type>
  <Units>98</Units>
  <Min_Pres_Value>0.000</Min_Pres_Value>
  <Max_Pres_Value>100.000</Max_Pres_Value>
  <COV_Increment>1.000</COV_Increment>
  <High_Limit>100.000</High_Limit>
  <Low_Limit>0.000</Low_Limit>
  <Deadband>0.000</Deadband>
  <Limit_Enable>0</Limit_Enable>
  <Event_Enable>0</Event_Enable>
  <Notify_Type>0</Notify_Type>
  <Time_Delay>0</Time_Delay>
  <Notification_Class>1</Notification_Class>
 </key>
 <key  number="2323003">
  <Object_Name>UI3 </Object_Name>
  <Offset>0.000</Offset>
  <Description>ANALOG INPUT3</Description>
  <Device_Type>NTC20K</Device_Type>
  <Units>98</Units>
  <Min_Pres_Value>0.000</Min_Pres_Value>
  <Max_Pres_Value>100.000</Max_Pres_Value>
  <COV_Increment>1.000</COV_Increment>
  <High_Limit>100.000</High_Limit>
  <Low_Limit>0.000</Low_Limit>
  <Deadband>0.000</Deadband>
  <Limit_Enable>0</Limit_Enable>
  <Event_Enable>0</Event_Enable>
  <Notify_Type>0</Notify_Type>
  <Time_Delay>0</Time_Delay>
  <Notification_Class>1</Notification_Class>
 </key>
 <key  number="2323004">
  <Object_Name>UI4 </Object_Name>
  <Offset>0.000</Offset>
  <Description>ANALOG INPUT4</Description>
  <Device_Type>NTC20K</Device_Type>
  <Units>98</Units>
  <Min_Pres_Value>0.000</Min_Pres_Value>
  <Max_Pres_Value>100.000</Max_Pres_Value>
  <COV_Increment>1.000</COV_Increment>
  <High_Limit>100.000</High_Limit>
  <Low_Limit>0.000</Low_Limit>
  <Deadband>0.000</Deadband>
  <Limit_Enable>0</Limit_Enable>
  <Event_Enable>0</Event_Enable>
  <Notify_Type>0</Notify_Type>
  <Time_Delay>0</Time_Delay>
  <Notification_Class>1</Notification_Class>
 </key>
 <key  number="2323005">
  <Object_Name>UI5 </Object_Name>
  <Offset>0.000</Offset>
  <Description>ANALOG INPUT3</Description>
  <Device_Type>NTC20K</Device_Type>
  <Units>98</Units>
  <Min_Pres_Value>0.000</Min_Pres_Value>
  <Max_Pres_Value>100.000</Max_Pres_Value>
  <COV_Increment>1.000</COV_Increment>
  <High_Limit>100.000</High_Limit>
  <Low_Limit>0.000</Low_Limit>
  <Deadband>0.000</Deadband>
  <Limit_Enable>0</Limit_Enable>
  <Event_Enable>0</Event_Enable>
  <Notify_Type>0</Notify_Type>
  <Time_Delay>0</Time_Delay>
  <Notification_Class>1</Notification_Class>
 </key>
 <key  number="2323006">
  <Object_Name>UI6 </Object_Name>
  <Offset>0.000</Offset>
  <Description>ANALOG INPUT3</Description>
  <Device_Type>NTC20K</Device_Type>
  <Units>98</Units>
  <Min_Pres_Value>0.000</Min_Pres_Value>
  <Max_Pres_Value>100.000</Max_Pres_Value>
  <COV_Increment>1.000</COV_Increment>
  <High_Limit>100.000</High_Limit>
  <Low_Limit>0.000</Low_Limit>
  <Deadband>0.000</Deadband>
  <Limit_Enable>0</Limit_Enable>
  <Event_Enable>0</Event_Enable>
  <Notify_Type>0</Notify_Type>
  <Time_Delay>0</Time_Delay>
  <Notification_Class>1</Notification_Class>
 </key>
 <key  number="2323101">
  <Object_Name>ANALOG OUTPUT1</Object_Name>
  <Offset>1.000</Offset>
  <Description>ANALOG OUTPUT1</Description>
  <Device_Type>0-10=0-100</Device_Type>
  <COV_Increment>0.500</COV_Increment>
  <High_Limit>100</High_Limit>
  <Low_Limit>0.000</Low_Limit>
  <Deadband>0.000</Deadband>
  <Limit_Enable>0</Limit_Enable>
  <Event_Enable>0</Event_Enable>
  <Notify_Type>0</Notify_Type>
  <Time_Delay>0</Time_Delay>
  <Notification_Class>1</Notification_Class>
 </key>
 <key  number="2323102">
  <Object_Name>ANALOG OUTPUT2</Object_Name>
  <Offset>1.000</Offset>
  <Description>ANALOG OUTPUT2</Description>
  <Device_Type>0-10=0-100</Device_Type>
  <COV_Increment>0.500</COV_Increment>
  <High_Limit>100</High_Limit>
  <Low_Limit>0.000</Low_Limit>
  <Deadband>0.000</Deadband>
  <Limit_Enable>0</Limit_Enable>
  <Event_Enable>0</Event_Enable>
  <Notify_Type>0</Notify_Type>
  <Time_Delay>0</Time_Delay>
  <Notification_Class>1</Notification_Class>
 </key>
 <key  number="2323103">
  <Object_Name>ANALOG OUTPUT3</Object_Name>
  <Offset>1.000</Offset>
  <Description>ANALOG OUTPUT 3</Description>
  <Device_Type>0-10=0-100</Device_Type>
  <COV_Increment>0.500</COV_Increment>
  <High_Limit>100</High_Limit>
  <Low_Limit>0.000</Low_Limit>
  <Deadband>0.000</Deadband>
  <Limit_Enable>0</Limit_Enable>
  <Event_Enable>0</Event_Enable>
  <Notify_Type>0</Notify_Type>
  <Time_Delay>0</Time_Delay>
  <Notification_Class>1</Notification_Class>
 </key>
 <key  number="2323104">
  <Object_Name>ANALOG OUTPUT4</Object_Name>
  <Offset>1.000</Offset>
  <Description>ANALOG OUTPUT4</Description>
  <Device_Type>0-10=0-100</Device_Type>
  <COV_Increment>0.500</COV_Increment>
  <High_Limit>100</High_Limit>
  <Low_Limit>0.000</Low_Limit>
  <Deadband>0.000</Deadband>
  <Limit_Enable>0</Limit_Enable>
  <Event_Enable>0</Event_Enable>
  <Notify_Type>0</Notify_Type>
  <Time_Delay>0</Time_Delay>
  <Notification_Class>1</Notification_Class>
 </key>
 <key  number="2323201">
  <Object_Name>ANALOG VALUE1</Object_Name>
  <Description>ANALOG VALUE 1</Description>
  <COV_Increment>0.500</COV_Increment>
  <High_Limit>100</High_Limit>
  <Low_Limit>0.000</Low_Limit>
  <Deadband>0.000</Deadband>
  <Limit_Enable>0</Limit_Enable>
  <Event_Enable>0</Event_Enable>
  <Notify_Type>0</Notify_Type>
  <Time_Delay>0</Time_Delay>
  <Notification_Class>1</Notification_Class>
 </key>
 <key  number="2323202">
  <Object_Name>ANALOG VALUE2</Object_Name>
  <Description>ANALOG VALUE 2</Description>
  <COV_Increment>0.500</COV_Increment>
  <High_Limit>100</High_Limit>
  <Low_Limit>0.000</Low_Limit>
  <Deadband>0.000</Deadband>
  <Limit_Enable>0</Limit_Enable>
  <Event_Enable>0</Event_Enable>
  <Notify_Type>0</Notify_Type>
  <Time_Delay>0</Time_Delay>
  <Notification_Class>1</Notification_Class>
 </key>
 <key  number="2323203">
  <Object_Name>ANALOG VALUE3</Object_Name>
  <Description>ANALOG VALUE3</Description>
  <COV_Increment>0.500</COV_Increment>
  <High_Limit>100</High_Limit>
  <Low_Limit>0.000</Low_Limit>
  <Deadband>0.000</Deadband>
  <Limit_Enable>0</Limit_Enable>
  <Event_Enable>0</Event_Enable>
  <Notify_Type>0</Notify_Type>
  <Time_Delay>0</Time_Delay>
  <Notification_Class>1</Notification_Class>
 </key>
 <key  number="2323204">
  <Object_Name>ANALOG VALUE4</Object_Name>
  <Description>ANALOG VALUE4</Description>
  <COV_Increment>0.500</COV_Increment>
  <High_Limit>100</High_Limit>
  <Low_Limit>0.000</Low_Limit>
  <Deadband>0.000</Deadband>
  <Limit_Enable>0</Limit_Enable>
  <Event_Enable>0</Event_Enable>
  <Notify_Type>0</Notify_Type>
  <Time_Delay>0</Time_Delay>
  <Notification_Class>1</Notification_Class>
 </key>
 <key  number="2323205">
  <Object_Name>ANALOG VALUE5</Object_Name>
  <Description>ANALOG VALUE5</Description>
  <COV_Increment>0.500</COV_Increment>
  <High_Limit>100</High_Limit>
  <Low_Limit>0.000</Low_Limit>
  <Deadband>0.000</Deadband>
  <Limit_Enable>0</Limit_Enable>
  <Event_Enable>0</Event_Enable>
  <Notify_Type>0</Notify_Type>
  <Time_Delay>0</Time_Delay>
  <Notification_Class>1</Notification_Class>
 </key>
 <key  number="2323301">
  <Object_Name>BINARY_INPUT1</Object_Name>
  <Description>BINARY_INPUT 1</Description>
  <Device>
  </Device>
  <Inactive_Text>Off</Inactive_Text>
  <Active_Text>On</Active_Text>
  <Event_Enable>0</Event_Enable>
  <Notify_Type>0</Notify_Type>
  <Time_Delay>0</Time_Delay>
  <Alarm_Value>0</Alarm_Value>
  <Notification_Class>1</Notification_Class>
 </key>
 <key  number="2323302">
  <Object_Name>BINARY_INPUT2</Object_Name>
  <Description>BINARY_INPUT 2</Description>
  <Device>
  </Device>
  <Inactive_Text>Off</Inactive_Text>
  <Active_Text>On</Active_Text>
  <Event_Enable>0</Event_Enable>
  <Notify_Type>0</Notify_Type>
  <Time_Delay>0</Time_Delay>
  <Alarm_Value>0</Alarm_Value>
  <Notification_Class>1</Notification_Class>
 </key>
 <key  number="2323303">
  <Object_Name>BINARY_INPUT3</Object_Name>
  <Description>BINARY_INPUT 3</Description>
  <Device>
  </Device>
  <Inactive_Text>Off</Inactive_Text>
  <Active_Text>On</Active_Text>
  <Event_Enable>0</Event_Enable>
  <Notify_Type>0</Notify_Type>
  <Time_Delay>0</Time_Delay>
  <Alarm_Value>0</Alarm_Value>
  <Notification_Class>1</Notification_Class>
 </key>
 <key  number="2323304">
  <Object_Name>BINARY_INPUT4</Object_Name>
  <Description>BINARY_INPUT 4</Description>
  <Device>
  </Device>
  <Inactive_Text>Off</Inactive_Text>
  <Active_Text>On</Active_Text>
  <Event_Enable>0</Event_Enable>
  <Notify_Type>0</Notify_Type>
  <Time_Delay>0</Time_Delay>
  <Alarm_Value>0</Alarm_Value>
  <Notification_Class>1</Notification_Class>
 </key>
 <key  number="2323305">
  <Object_Name>BINARY_INPUT5</Object_Name>
  <Description>BINARY_INPUT 5</Description>
  <Device>
  </Device>
  <Inactive_Text>Off</Inactive_Text>
  <Active_Text>On</Active_Text>
  <Event_Enable>0</Event_Enable>
  <Notify_Type>0</Notify_Type>
  <Time_Delay>0</Time_Delay>
  <Alarm_Value>0</Alarm_Value>
  <Notification_Class>1</Notification_Class>
 </key>
 <key  number="2323306">
  <Object_Name>BINARY_INPUT6</Object_Name>
  <Description>BINARY_INPUT 6</Description>
  <Device>
  </Device>
  <Inactive_Text>Off</Inactive_Text>
  <Active_Text>On</Active_Text>
  <Event_Enable>0</Event_Enable>
  <Notify_Type>0</Notify_Type>
  <Time_Delay>0</Time_Delay>
  <Alarm_Value>0</Alarm_Value>
  <Notification_Class>1</Notification_Class>
 </key>
 <key  number="2323307">
  <Object_Name>BINARY_INPUT7</Object_Name>
  <Description>BINARY_INPUT 7</Description>
  <Device>
  </Device>
  <Inactive_Text>Off</Inactive_Text>
  <Active_Text>On</Active_Text>
  <Event_Enable>0</Event_Enable>
  <Notify_Type>0</Notify_Type>
  <Time_Delay>0</Time_Delay>
  <Alarm_Value>0</Alarm_Value>
  <Notification_Class>1</Notification_Class>
 </key>
 <key  number="2323308">
  <Object_Name>BINARY_INPUT8</Object_Name>
  <Description>BINARY_INPUT 8</Description>
  <Device>
  </Device>
  <Inactive_Text>Off</Inactive_Text>
  <Active_Text>On</Active_Text>
  <Event_Enable>0</Event_Enable>
  <Notify_Type>0</Notify_Type>
  <Time_Delay>0</Time_Delay>
  <Alarm_Value>0</Alarm_Value>
  <Notification_Class>1</Notification_Class>
 </key>
 <key  number="2323401">
  <Object_Name>BINARY_OUTPUT 1</Object_Name>
  <Description>BINARY_OUTPUT 1</Description>
  <Device_Type>normal</Device_Type>
  <Inactive_Text>Off</Inactive_Text>
  <Active_Text>On</Active_Text>
  <Event_Enable>0</Event_Enable>
  <Notify_Type>0</Notify_Type>
  <Time_Delay>0</Time_Delay>
  <Alarm_Value>0</Alarm_Value>
  <Notification_Class>1</Notification_Class>
 </key>
 <key  number="2323401">
  <Object_Name>BO31</Object_Name>
  <Description>BO31</Description>
  <Device_Type>normal</Device_Type>
  <Inactive_Text>Off</Inactive_Text>
  <Active_Text>On</Active_Text>
  <Event_Enable>0</Event_Enable>
  <Notify_Type>0</Notify_Type>
  <Time_Delay>0</Time_Delay>
  <Alarm_Value>0</Alarm_Value>
  <Notification_Class>1</Notification_Class>
 </key>
 <key  number="2323402">
  <Object_Name>BINARY_OUTPUT 2</Object_Name>
  <Description>BINARY_OUTPUT 2</Description>
  <Device_Type>normal</Device_Type>
  <Inactive_Text>Off</Inactive_Text>
  <Active_Text>On</Active_Text>
  <Event_Enable>0</Event_Enable>
  <Notify_Type>0</Notify_Type>
  <Time_Delay>0</Time_Delay>
  <Alarm_Value>0</Alarm_Value>
  <Notification_Class>1</Notification_Class>
 </key>
 <key  number="2323402">
  <Object_Name>BO32</Object_Name>
  <Description>BO32</Description>
  <Device_Type>normal</Device_Type>
  <Inactive_Text>Off</Inactive_Text>
  <Active_Text>On</Active_Text>
  <Event_Enable>0</Event_Enable>
  <Notify_Type>0</Notify_Type>
  <Time_Delay>0</Time_Delay>
  <Alarm_Value>0</Alarm_Value>
  <Notification_Class>1</Notification_Class>
 </key>
 <key  number="2323403">
  <Object_Name>BINARY_OUTPUT 3</Object_Name>
  <Description>BINARY_OUTPUT 3</Description>
  <Device_Type>normal</Device_Type>
  <Inactive_Text>Off</Inactive_Text>
  <Active_Text>On</Active_Text>
  <Event_Enable>0</Event_Enable>
  <Notify_Type>0</Notify_Type>
  <Time_Delay>0</Time_Delay>
  <Alarm_Value>0</Alarm_Value>
  <Notification_Class>1</Notification_Class>
 </key>
 <key  number="2323403">
  <Object_Name>BO33</Object_Name>
  <Description>BO33</Description>
  <Device_Type>normal</Device_Type>
  <Inactive_Text>Off</Inactive_Text>
  <Active_Text>On</Active_Text>
  <Event_Enable>0</Event_Enable>
  <Notify_Type>0</Notify_Type>
  <Time_Delay>0</Time_Delay>
  <Alarm_Value>0</Alarm_Value>
  <Notification_Class>1</Notification_Class>
 </key>
 <key  number="2323404">
  <Object_Name>BO34</Object_Name>
  <Description>BO34</Description>
  <Device_Type>normal</Device_Type>
  <Inactive_Text>Off</Inactive_Text>
  <Active_Text>On</Active_Text>
  <Event_Enable>0</Event_Enable>
  <Notify_Type>0</Notify_Type>
  <Time_Delay>0</Time_Delay>
  <Alarm_Value>0</Alarm_Value>
  <Notification_Class>1</Notification_Class>
 </key>
 <key  number="2323404">
  <Object_Name>BINARY_OUTPUT 4</Object_Name>
  <Description>BINARY_OUTPUT 4</Description>
  <Device_Type>normal</Device_Type>
  <Inactive_Text>Off</Inactive_Text>
  <Active_Text>On</Active_Text>
  <Event_Enable>0</Event_Enable>
  <Notify_Type>0</Notify_Type>
  <Time_Delay>0</Time_Delay>
  <Alarm_Value>0</Alarm_Value>
  <Notification_Class>1</Notification_Class>
 </key>
 <key  number="2323405">
  <Object_Name>BINARY_OUTPUT 5</Object_Name>
  <Description>BINARY_OUTPUT 5</Description>
  <Device_Type>normal</Device_Type>
  <Inactive_Text>Off</Inactive_Text>
  <Active_Text>On</Active_Text>
  <Event_Enable>0</Event_Enable>
  <Notify_Type>0</Notify_Type>
  <Time_Delay>0</Time_Delay>
  <Alarm_Value>0</Alarm_Value>
  <Notification_Class>1</Notification_Class>
 </key>
 <key  number="2323406">
  <Object_Name>BINARY_OUTPUT 6</Object_Name>
  <Description>BINARY_OUTPUT 6</Description>
  <Device_Type>normal</Device_Type>
  <Inactive_Text>Off</Inactive_Text>
  <Active_Text>On</Active_Text>
  <Event_Enable>0</Event_Enable>
  <Notify_Type>0</Notify_Type>
  <Time_Delay>0</Time_Delay>
  <Alarm_Value>0</Alarm_Value>
  <Notification_Class>1</Notification_Class>
 </key>
 <key  number="2323501">
  <Object_Name>BINARY_VALUE1</Object_Name>
  <Description>BINARY_VALUE1</Description>
  <Device_Type>normal</Device_Type>
  <Inactive_Text>Off</Inactive_Text>
  <Active_Text>On</Active_Text>
  <Event_Enable>0</Event_Enable>
  <Notify_Type>0</Notify_Type>
  <Time_Delay>0</Time_Delay>
  <Alarm_Value>0</Alarm_Value>
  <Notification_Class>1</Notification_Class>
 </key>
 <key  number="2323502">
  <Object_Name>BINARY_VALUE2</Object_Name>
  <Description>BINARY_VALUE2</Description>
  <Device_Type>normal</Device_Type>
  <Inactive_Text>Off</Inactive_Text>
  <Active_Text>On</Active_Text>
  <Event_Enable>0</Event_Enable>
  <Notify_Type>0</Notify_Type>
  <Time_Delay>0</Time_Delay>
  <Alarm_Value>0</Alarm_Value>
  <Notification_Class>1</Notification_Class>
 </key>
 <key  number="2323503">
  <Object_Name>BINARY_VALUE3</Object_Name>
  <Description>BINARY_VALUE3</Description>
  <Device_Type>normal</Device_Type>
  <Inactive_Text>Off</Inactive_Text>
  <Active_Text>On</Active_Text>
  <Event_Enable>0</Event_Enable>
  <Notify_Type>0</Notify_Type>
  <Time_Delay>0</Time_Delay>
  <Alarm_Value>0</Alarm_Value>
  <Notification_Class>1</Notification_Class>
 </key>
 <key  number="2323504">
  <Object_Name>BINARY_VALUE4</Object_Name>
  <Description>BINARY_VALUE4</Description>
  <Device_Type>normal</Device_Type>
  <Inactive_Text>Off</Inactive_Text>
  <Active_Text>On</Active_Text>
  <Event_Enable>0</Event_Enable>
  <Notify_Type>0</Notify_Type>
  <Time_Delay>0</Time_Delay>
  <Alarm_Value>0</Alarm_Value>
  <Notification_Class>1</Notification_Class>
 </key>
 <key  number="2323505">
  <Object_Name>BINARY_VALUE5</Object_Name>
  <Description>BINARY_VALUE5</Description>
  <Device_Type>normal</Device_Type>
  <Inactive_Text>Off</Inactive_Text>
  <Active_Text>On</Active_Text>
  <Event_Enable>0</Event_Enable>
  <Notify_Type>0</Notify_Type>
  <Time_Delay>0</Time_Delay>
  <Alarm_Value>0</Alarm_Value>
  <Notification_Class>1</Notification_Class>
 </key>
 <key  number="2323801">
  <Object_Name>i1024Controller</Object_Name>
 </key>s
undefined<key number="6666225">
  <Object_Name>AV25</Object_Name>
  <Description>ANALOG VALUE 1</Description>
  <COV_Increment>0.500</COV_Increment>
  <High_Limit>100</High_Limit>
  <Low_Limit>0.000</Low_Limit>
  <Deadband>0.000</Deadband>
  <Limit_Enable>0</Limit_Enable>
  <Event_Enable>0</Event_Enable>
  <Notify_Type>0</Notify_Type>
  <Time_Delay>0</Time_Delay>
  <Notification_Class>1</Notification_Class>
 </key>
<key number="1001321">
  <Object_Name>BI21</Object_Name>
  <Description>BINARY_INPUT 2</Description>
  <Device_Type>normal open</Device_Type>
  <Inactive_Text>Off</Inactive_Text>
  <Active_Text>On</Active_Text>
  <Event_Enable>0</Event_Enable>
  <Notify_Type>0</Notify_Type>
  <Time_Delay>0</Time_Delay>
  <Alarm_Value>0</Alarm_Value>
  <Notification_Class>1</Notification_Class>
 </key>
<key number="1001322">
  <Object_Name>BI22</Object_Name>
  <Description>BI22</Description>
  <Device_Type>normal open</Device_Type>
  <Inactive_Text>Off</Inactive_Text>
  <Active_Text>On</Active_Text>
  <Event_Enable>0</Event_Enable>
  <Notify_Type>0</Notify_Type>
  <Time_Delay>0</Time_Delay>
  <Alarm_Value>0</Alarm_Value>
  <Notification_Class>1</Notification_Class>
 </key>
<key number="1001323">
  <Object_Name>BI23</Object_Name>
  <Description>BI23</Description>
  <Device_Type>normal open</Device_Type>
  <Inactive_Text>Off</Inactive_Text>
  <Active_Text>On</Active_Text>
  <Event_Enable>0</Event_Enable>
  <Notify_Type>0</Notify_Type>
  <Time_Delay>0</Time_Delay>
  <Alarm_Value>0</Alarm_Value>
  <Notification_Class>1</Notification_Class>
 </key>
<key number="1001324">
  <Object_Name>BI24</Object_Name>
  <Description>BI24</Description>
  <Device_Type>normal open</Device_Type>
  <Inactive_Text>Off</Inactive_Text>
  <Active_Text>On</Active_Text>
  <Event_Enable>0</Event_Enable>
  <Notify_Type>0</Notify_Type>
  <Time_Delay>0</Time_Delay>
  <Alarm_Value>0</Alarm_Value>
  <Notification_Class>1</Notification_Class>
 </key>
<key number="1001325">
  <Object_Name>BI25</Object_Name>
  <Description>BI25</Description>
  <Device_Type>normal open</Device_Type>
  <Inactive_Text>Off</Inactive_Text>
  <Active_Text>On</Active_Text>
  <Event_Enable>0</Event_Enable>
  <Notify_Type>0</Notify_Type>
  <Time_Delay>0</Time_Delay>
  <Alarm_Value>0</Alarm_Value>
  <Notification_Class>1</Notification_Class>
 </key>
<key number="1001326">
  <Object_Name>BI26</Object_Name>
  <Description>BI26</Description>
  <Device_Type>normal open</Device_Type>
  <Inactive_Text>Off</Inactive_Text>
  <Active_Text>On</Active_Text>
  <Event_Enable>0</Event_Enable>
  <Notify_Type>0</Notify_Type>
  <Time_Delay>0</Time_Delay>
  <Alarm_Value>0</Alarm_Value>
  <Notification_Class>1</Notification_Class>
 </key>
<key number="1001327">
  <Object_Name>BI27</Object_Name>
  <Description>BI27</Description>
  <Device_Type>normal open</Device_Type>
  <Inactive_Text>Off</Inactive_Text>
  <Active_Text>On</Active_Text>
  <Event_Enable>0</Event_Enable>
  <Notify_Type>0</Notify_Type>
  <Time_Delay>0</Time_Delay>
  <Alarm_Value>0</Alarm_Value>
  <Notification_Class>1</Notification_Class>
 </key>
<key number="1001328">
  <Object_Name>BI28</Object_Name>
  <Description>BI28</Description>
  <Device_Type>normal open</Device_Type>
  <Inactive_Text>Off</Inactive_Text>
  <Active_Text>On</Active_Text>
  <Event_Enable>0</Event_Enable>
  <Notify_Type>0</Notify_Type>
  <Time_Delay>0</Time_Delay>
  <Alarm_Value>0</Alarm_Value>
  <Notification_Class>1</Notification_Class>
 </key>
<key number="1001421">
  <Object_Name>BO21</Object_Name>
  <Description>BO21</Description>
  <Device_Type>normal</Device_Type>
  <Inactive_Text>Off</Inactive_Text>
  <Active_Text>On</Active_Text>
  <Event_Enable>0</Event_Enable>
  <Notify_Type>0</Notify_Type>
  <Time_Delay>0</Time_Delay>
  <Alarm_Value>0</Alarm_Value>
  <Notification_Class>1</Notification_Class>
 </key>
<key number="1001422">
  <Object_Name>BO22</Object_Name>
  <Description>BO22</Description>
  <Device_Type>normal</Device_Type>
  <Inactive_Text>Off</Inactive_Text>
  <Active_Text>On</Active_Text>
  <Event_Enable>0</Event_Enable>
  <Notify_Type>0</Notify_Type>
  <Time_Delay>0</Time_Delay>
  <Alarm_Value>0</Alarm_Value>
  <Notification_Class>1</Notification_Class>
 </key>
<key number="1001423">
  <Object_Name>BO23</Object_Name>
  <Description>BO23</Description>
  <Device_Type>normal</Device_Type>
  <Inactive_Text>Off</Inactive_Text>
  <Active_Text>On</Active_Text>
  <Event_Enable>0</Event_Enable>
  <Notify_Type>0</Notify_Type>
  <Time_Delay>0</Time_Delay>
  <Alarm_Value>0</Alarm_Value>
  <Notification_Class>1</Notification_Class>
 </key>
<key number="1001424">
  <Object_Name>BO24</Object_Name>
  <Description>BO24</Description>
  <Device_Type>normal</Device_Type>
  <Inactive_Text>Off</Inactive_Text>
  <Active_Text>On</Active_Text>
  <Event_Enable>0</Event_Enable>
  <Notify_Type>0</Notify_Type>
  <Time_Delay>0</Time_Delay>
  <Alarm_Value>0</Alarm_Value>
  <Notification_Class>1</Notification_Class>
 </key>
,,,,,undefined<key number="1001371">
  <Object_Name>BI71</Object_Name>
  <Description>BINARY_INPUT 7</Description>
  <Device_Type>normal open</Device_Type>
  <Inactive_Text>Off</Inactive_Text>
  <Active_Text>On</Active_Text>
  <Event_Enable>0</Event_Enable>
  <Notify_Type>0</Notify_Type>
  <Time_Delay>0</Time_Delay>
  <Alarm_Value>0</Alarm_Value>
  <Notification_Class>1</Notification_Class>
 </key>
<key number="1001372">
  <Object_Name>BI72</Object_Name>
  <Description>BI72</Description>
  <Device_Type>normal open</Device_Type>
  <Inactive_Text>Off</Inactive_Text>
  <Active_Text>On</Active_Text>
  <Event_Enable>0</Event_Enable>
  <Notify_Type>0</Notify_Type>
  <Time_Delay>0</Time_Delay>
  <Alarm_Value>0</Alarm_Value>
  <Notification_Class>1</Notification_Class>
 </key>
<key number="1001373">
  <Object_Name>BI73</Object_Name>
  <Description>BI73</Description>
  <Device_Type>normal open</Device_Type>
  <Inactive_Text>Off</Inactive_Text>
  <Active_Text>On</Active_Text>
  <Event_Enable>0</Event_Enable>
  <Notify_Type>0</Notify_Type>
  <Time_Delay>0</Time_Delay>
  <Alarm_Value>0</Alarm_Value>
  <Notification_Class>1</Notification_Class>
 </key>
<key number="1001374">
  <Object_Name>BI74</Object_Name>
  <Description>BI74</Description>
  <Device_Type>normal open</Device_Type>
  <Inactive_Text>Off</Inactive_Text>
  <Active_Text>On</Active_Text>
  <Event_Enable>0</Event_Enable>
  <Notify_Type>0</Notify_Type>
  <Time_Delay>0</Time_Delay>
  <Alarm_Value>0</Alarm_Value>
  <Notification_Class>1</Notification_Class>
 </key>
<key number="1001375">
  <Object_Name>BI75</Object_Name>
  <Description>BI75</Description>
  <Device_Type>normal open</Device_Type>
  <Inactive_Text>Off</Inactive_Text>
  <Active_Text>On</Active_Text>
  <Event_Enable>0</Event_Enable>
  <Notify_Type>0</Notify_Type>
  <Time_Delay>0</Time_Delay>
  <Alarm_Value>0</Alarm_Value>
  <Notification_Class>1</Notification_Class>
 </key>
<key number="1001376">
  <Object_Name>BI76</Object_Name>
  <Description>BI76</Description>
  <Device_Type>normal open</Device_Type>
  <Inactive_Text>Off</Inactive_Text>
  <Active_Text>On</Active_Text>
  <Event_Enable>0</Event_Enable>
  <Notify_Type>0</Notify_Type>
  <Time_Delay>0</Time_Delay>
  <Alarm_Value>0</Alarm_Value>
  <Notification_Class>1</Notification_Class>
 </key>
<key number="1001377">
  <Object_Name>BI77</Object_Name>
  <Description>BI77</Description>
  <Device_Type>normal open</Device_Type>
  <Inactive_Text>Off</Inactive_Text>
  <Active_Text>On</Active_Text>
  <Event_Enable>0</Event_Enable>
  <Notify_Type>0</Notify_Type>
  <Time_Delay>0</Time_Delay>
  <Alarm_Value>0</Alarm_Value>
  <Notification_Class>1</Notification_Class>
 </key>
<key number="1001378">
  <Object_Name>BI78</Object_Name>
  <Description>BI78</Description>
  <Device_Type>normal open</Device_Type>
  <Inactive_Text>Off</Inactive_Text>
  <Active_Text>On</Active_Text>
  <Event_Enable>0</Event_Enable>
  <Notify_Type>0</Notify_Type>
  <Time_Delay>0</Time_Delay>
  <Alarm_Value>0</Alarm_Value>
  <Notification_Class>1</Notification_Class>
 </key>
<key number="1001471">
  <Object_Name>BO71</Object_Name>
  <Description>BO71</Description>
  <Device_Type>normal</Device_Type>
  <Inactive_Text>Off</Inactive_Text>
  <Active_Text>On</Active_Text>
  <Event_Enable>0</Event_Enable>
  <Notify_Type>0</Notify_Type>
  <Time_Delay>0</Time_Delay>
  <Alarm_Value>0</Alarm_Value>
  <Notification_Class>1</Notification_Class>
 </key>
<key number="1001472">
  <Object_Name>BO72</Object_Name>
  <Description>BO72</Description>
  <Device_Type>normal</Device_Type>
  <Inactive_Text>Off</Inactive_Text>
  <Active_Text>On</Active_Text>
  <Event_Enable>0</Event_Enable>
  <Notify_Type>0</Notify_Type>
  <Time_Delay>0</Time_Delay>
  <Alarm_Value>0</Alarm_Value>
  <Notification_Class>1</Notification_Class>
 </key>
<key number="1001473">
  <Object_Name>BO73</Object_Name>
  <Description>BO73</Description>
  <Device_Type>normal</Device_Type>
  <Inactive_Text>Off</Inactive_Text>
  <Active_Text>On</Active_Text>
  <Event_Enable>0</Event_Enable>
  <Notify_Type>0</Notify_Type>
  <Time_Delay>0</Time_Delay>
  <Alarm_Value>0</Alarm_Value>
  <Notification_Class>1</Notification_Class>
 </key>
<key number="1001474">
  <Object_Name>BO74</Object_Name>
  <Description>BO74</Description>
  <Device_Type>normal</Device_Type>
  <Inactive_Text>Off</Inactive_Text>
  <Active_Text>On</Active_Text>
  <Event_Enable>0</Event_Enable>
  <Notify_Type>0</Notify_Type>
  <Time_Delay>0</Time_Delay>
  <Alarm_Value>0</Alarm_Value>
  <Notification_Class>1</Notification_Class>
 </key>
</root>