<?xml version="1.0" encoding="UTF-8" standalone="no"?>
<root>
	<AI_count>0</AI_count>
	<AO_count>3</AO_count>
	<AV_count>5</AV_count>
    <BI_count>12</BI_count>
    <BO_count>3</BO_count>
	<BV_count>5</BV_count>
	<SCHEDULE_count>1</SCHEDULE_count>
	<key  number="1001101">
		<Object_Name>ANALOG OUTPUT 1</Object_Name>
		<Offset>1.000</Offset>
		<Description>ANALOG OUTPUT 1</Description>
		<Device_Type>0-10=0-100</Device_Type>
		<COV_Increment>0.500</COV_Increment>
		<High_Limit>100</High_Limit>
		<Low_Limit>0.000</Low_Limit>
		<Deadband>0.000</Deadband>
		<Limit_Enable>0</Limit_Enable>
		<Event_Enable>0</Event_Enable>
		<Notify_Type>0</Notify_Type>
		<Time_Delay>0</Time_Delay>
		<Notification_Class>1</Notification_Class>
	</key>
	<key  number="1001102">
		<Object_Name>ANALOG OUTPUT 2</Object_Name>
		<Offset>1.000</Offset>
		<Description>ANALOG OUTPUT 2</Description>
		<Device_Type>0-10=0-100</Device_Type>
		<COV_Increment>0.500</COV_Increment>
		<High_Limit>100</High_Limit>
		<Low_Limit>0.000</Low_Limit>
		<Deadband>0.000</Deadband>
		<Limit_Enable>0</Limit_Enable>
		<Event_Enable>0</Event_Enable>
		<Notify_Type>0</Notify_Type>
		<Time_Delay>0</Time_Delay>
		<Notification_Class>1</Notification_Class>
	</key>
	<key  number="1001103">
		<Object_Name>ANALOG OUTPUT 3</Object_Name>
		<Offset>1.000</Offset>
		<Description>ANALOG OUTPUT 3</Description>
		<Device_Type>0-10=0-100</Device_Type>
		<COV_Increment>0.500</COV_Increment>
		<High_Limit>100</High_Limit>
		<Low_Limit>0.000</Low_Limit>
		<Deadband>0.000</Deadband>
		<Limit_Enable>0</Limit_Enable>
		<Event_Enable>0</Event_Enable>
		<Notify_Type>0</Notify_Type>
		<Time_Delay>0</Time_Delay>
		<Notification_Class>1</Notification_Class>
	</key>
	<key  number="1001201">
		<Object_Name>ANALOG VALUE 1</Object_Name>
		<Description>ANALOG VALUE 1</Description>
		<COV_Increment>0.500</COV_Increment>
		<High_Limit>100</High_Limit>
		<Low_Limit>0.000</Low_Limit>
		<Deadband>0.000</Deadband>
		<Limit_Enable>0</Limit_Enable>
		<Event_Enable>0</Event_Enable>
		<Notify_Type>0</Notify_Type>
		<Time_Delay>0</Time_Delay>
		<Notification_Class>1</Notification_Class>
	</key>
	<key  number="1001202">
		<Object_Name>ANALOG VALUE 2</Object_Name>
		<Description>ANALOG VALUE 2</Description>
		<COV_Increment>0.500</COV_Increment>
		<High_Limit>100</High_Limit>
		<Low_Limit>0.000</Low_Limit>
		<Deadband>0.000</Deadband>
		<Limit_Enable>0</Limit_Enable>
		<Event_Enable>0</Event_Enable>
		<Notify_Type>0</Notify_Type>
		<Time_Delay>0</Time_Delay>
		<Notification_Class>1</Notification_Class>
	</key>
		<key  number="1001203">
		<Object_Name>ANALOG VALUE 3</Object_Name>
		<Description>ANALOG VALUE 3</Description>
		<COV_Increment>0.500</COV_Increment>
		<High_Limit>100</High_Limit>
		<Low_Limit>0.000</Low_Limit>
		<Deadband>0.000</Deadband>
		<Limit_Enable>0</Limit_Enable>
		<Event_Enable>0</Event_Enable>
		<Notify_Type>0</Notify_Type>
		<Time_Delay>0</Time_Delay>
		<Notification_Class>1</Notification_Class>
	</key>
	<key  number="1001204">
		<Object_Name>ANALOG VALUE 4</Object_Name>
		<Description>ANALOG VALUE 4</Description>
		<COV_Increment>0.500</COV_Increment>
		<High_Limit>100</High_Limit>
		<Low_Limit>0.000</Low_Limit>
		<Deadband>0.000</Deadband>
		<Limit_Enable>0</Limit_Enable>
		<Event_Enable>0</Event_Enable>
		<Notify_Type>0</Notify_Type>
		<Time_Delay>0</Time_Delay>
		<Notification_Class>1</Notification_Class>
	</key>
		<key  number="1001205">
		<Object_Name>ANALOG VALUE 5</Object_Name>
		<Description>ANALOG VALUE 5</Description>
		<COV_Increment>0.500</COV_Increment>
		<High_Limit>100</High_Limit>
		<Low_Limit>0.000</Low_Limit>
		<Deadband>0.000</Deadband>
		<Limit_Enable>0</Limit_Enable>
		<Event_Enable>0</Event_Enable>
		<Notify_Type>0</Notify_Type>
		<Time_Delay>0</Time_Delay>
		<Notification_Class>1</Notification_Class>
	</key>
	<key  number="1001301">
		<Object_Name>BINARY_INPUT 1</Object_Name>
		<Description>BINARY_INPUT 1</Description>
		<Device_Type>normal open</Device_Type>
		<Inactive_Text>Off</Inactive_Text>
		<Active_Text>On</Active_Text>
		<Event_Enable>0</Event_Enable>
		<Notify_Type>0</Notify_Type>
		<Time_Delay>0</Time_Delay>
		<Alarm_Value>0</Alarm_Value>
		<Notification_Class>1</Notification_Class>
	</key>
	<key  number="1001302">
		<Object_Name>BINARY_INPUT 2</Object_Name>
		<Description>BINARY_INPUT 2</Description>
		<Device_Type>normal open</Device_Type>
		<Inactive_Text>Off</Inactive_Text>
		<Active_Text>On</Active_Text>
		<Event_Enable>0</Event_Enable>
		<Notify_Type>0</Notify_Type>
		<Time_Delay>0</Time_Delay>
		<Alarm_Value>0</Alarm_Value>
		<Notification_Class>1</Notification_Class>
	</key>
	<key  number="1001303">
		<Object_Name>BINARY_INPUT 3</Object_Name>
		<Description>BINARY_INPUT 3</Description>
		<Device_Type>normal open</Device_Type>
		<Inactive_Text>Off</Inactive_Text>
		<Active_Text>On</Active_Text>
		<Event_Enable>0</Event_Enable>
		<Notify_Type>0</Notify_Type>
		<Time_Delay>0</Time_Delay>
		<Alarm_Value>0</Alarm_Value>
		<Notification_Class>1</Notification_Class>
	</key>
	<key  number="1001304">
		<Object_Name>BINARY_INPUT 4</Object_Name>
		<Description>BINARY_INPUT 4</Description>
		<Device_Type>normal open</Device_Type>
		<Inactive_Text>Off</Inactive_Text>
		<Active_Text>On</Active_Text>
		<Event_Enable>0</Event_Enable>
		<Notify_Type>0</Notify_Type>
		<Time_Delay>0</Time_Delay>
		<Alarm_Value>0</Alarm_Value>
		<Notification_Class>1</Notification_Class>
	</key>

	<key  number="1001305">
		<Object_Name>BINARY_INPUT 5</Object_Name>
		<Description>BINARY_INPUT 5</Description>
		<Device_Type>normal open</Device_Type>
		<Inactive_Text>Off</Inactive_Text>
		<Active_Text>On</Active_Text>
		<Event_Enable>0</Event_Enable>
		<Notify_Type>0</Notify_Type>
		<Time_Delay>0</Time_Delay>
		<Alarm_Value>0</Alarm_Value>
		<Notification_Class>1</Notification_Class>
	</key>
	<key  number="1001306">
		<Object_Name>BINARY_INPUT 6</Object_Name>
		<Description>BINARY_INPUT 6</Description>
		<Device_Type>normal open</Device_Type>
		<Inactive_Text>Off</Inactive_Text>
		<Active_Text>On</Active_Text>
		<Event_Enable>0</Event_Enable>
		<Notify_Type>0</Notify_Type>
		<Time_Delay>0</Time_Delay>
		<Alarm_Value>0</Alarm_Value>
		<Notification_Class>1</Notification_Class>
	</key> 
	<key  number="1001307">
		<Object_Name>BINARY_INPUT 7</Object_Name>
		<Description>BINARY_INPUT 7</Description>
		<Device_Type>normal open</Device_Type>
		<Inactive_Text>Off</Inactive_Text>
		<Active_Text>On</Active_Text>
		<Event_Enable>0</Event_Enable>
		<Notify_Type>0</Notify_Type>
		<Time_Delay>0</Time_Delay>
		<Alarm_Value>0</Alarm_Value>
		<Notification_Class>1</Notification_Class>
	</key> 
	<key  number="1001308">
		<Object_Name>BINARY_INPUT 8</Object_Name>
		<Description>BINARY_INPUT 8</Description>
		<Device_Type>normal open</Device_Type>
		<Inactive_Text>Off</Inactive_Text>
		<Active_Text>On</Active_Text>
		<Event_Enable>0</Event_Enable>
		<Notify_Type>0</Notify_Type>
		<Time_Delay>0</Time_Delay>
		<Alarm_Value>0</Alarm_Value>
		<Notification_Class>1</Notification_Class>
	</key>
	<key  number="1001309">
		<Object_Name>BINARY_INPUT 9</Object_Name>
		<Description>BINARY_INPUT 9</Description>
		<Device_Type>normal open</Device_Type>
		<Inactive_Text>Off</Inactive_Text>
		<Active_Text>On</Active_Text>
		<Event_Enable>0</Event_Enable>
		<Notify_Type>0</Notify_Type>
		<Time_Delay>0</Time_Delay>
		<Alarm_Value>0</Alarm_Value>
		<Notification_Class>1</Notification_Class>
	</key>
	<key  number="1001310">
		<Object_Name>BINARY_INPUT 10</Object_Name>
		<Description>BINARY_INPUT 10</Description>
		<Device_Type>normal open</Device_Type>
		<Inactive_Text>Off</Inactive_Text>
		<Active_Text>On</Active_Text>
		<Event_Enable>0</Event_Enable>
		<Notify_Type>0</Notify_Type>
		<Time_Delay>0</Time_Delay>
		<Alarm_Value>0</Alarm_Value>
		<Notification_Class>1</Notification_Class>
	</key>
	<key  number="1001311">
		<Object_Name>BINARY_INPUT 11</Object_Name>
		<Description>BINARY_INPUT 11</Description>
		<Device_Type>normal open</Device_Type>
		<Inactive_Text>Off</Inactive_Text>
		<Active_Text>On</Active_Text>
		<Event_Enable>0</Event_Enable>
		<Notify_Type>0</Notify_Type>
		<Time_Delay>0</Time_Delay>
		<Alarm_Value>0</Alarm_Value>
		<Notification_Class>1</Notification_Class>
	</key>
	<key  number="1001312">
		<Object_Name>BINARY_INPUT 12</Object_Name>
		<Description>BINARY_INPUT 12</Description>
		<Device_Type>normal open</Device_Type>
		<Inactive_Text>Off</Inactive_Text>
		<Active_Text>On</Active_Text>
		<Event_Enable>0</Event_Enable>
		<Notify_Type>0</Notify_Type>
		<Time_Delay>0</Time_Delay>
		<Alarm_Value>0</Alarm_Value>
		<Notification_Class>1</Notification_Class>
	</key>
	<key  number="1001401">
		<Object_Name>BINARY_OUTPUT 1</Object_Name>
		<Description>BINARY_OUTPUT 1</Description>
		<Device_Type>normal</Device_Type>
		<Inactive_Text>Off</Inactive_Text>
		<Active_Text>On</Active_Text>
		<Event_Enable>0</Event_Enable>
		<Notify_Type>0</Notify_Type>
		<Time_Delay>0</Time_Delay>
		<Alarm_Value>0</Alarm_Value>
		<Notification_Class>1</Notification_Class>
	</key>
	<key  number="1001402">
		<Object_Name>BINARY_OUTPUT 2</Object_Name>
		<Description>BINARY_OUTPUT 2</Description>
		<Device_Type>normal</Device_Type>
		<Inactive_Text>Off</Inactive_Text>
		<Active_Text>On</Active_Text>
		<Event_Enable>0</Event_Enable>
		<Notify_Type>0</Notify_Type>
		<Time_Delay>0</Time_Delay>
		<Alarm_Value>0</Alarm_Value>
		<Notification_Class>1</Notification_Class>
	</key>
	<key  number="1001403">
		<Object_Name>BINARY_OUTPUT 3</Object_Name>
		<Description>BINARY_OUTPUT 3</Description>
		<Device_Type>normal</Device_Type>
		<Inactive_Text>Off</Inactive_Text>
		<Active_Text>On</Active_Text>
		<Event_Enable>0</Event_Enable>
		<Notify_Type>0</Notify_Type>
		<Time_Delay>0</Time_Delay>
		<Alarm_Value>0</Alarm_Value>
		<Notification_Class>1</Notification_Class>
	</key>

	<key  number="1001501">
		<Object_Name>BINARY_VALUE 1</Object_Name>
		<Description>BINARY_VALUE 1</Description>
		<Device_Type>normal</Device_Type>
		<Inactive_Text>Off</Inactive_Text>
		<Active_Text>On</Active_Text>
		<Event_Enable>0</Event_Enable>
		<Notify_Type>0</Notify_Type>
		<Time_Delay>0</Time_Delay>
		<Alarm_Value>0</Alarm_Value>
		<Notification_Class>1</Notification_Class>
	</key>
	<key  number="1001502">
		<Object_Name>BINARY_VALUE 2</Object_Name>
		<Description>BINARY_VALUE 2</Description>
		<Device_Type>normal</Device_Type>
		<Inactive_Text>Off</Inactive_Text>
		<Active_Text>On</Active_Text>
		<Event_Enable>0</Event_Enable>
		<Notify_Type>0</Notify_Type>
		<Time_Delay>0</Time_Delay>
		<Alarm_Value>0</Alarm_Value>
		<Notification_Class>1</Notification_Class>
	</key>

	<key  number="1001503">
		<Object_Name>BINARY_VALUE 3</Object_Name>
		<Description>BINARY_VALUE 3</Description>
		<Device_Type>normal</Device_Type>
		<Inactive_Text>Off</Inactive_Text>
		<Active_Text>On</Active_Text>
		<Event_Enable>0</Event_Enable>
		<Notify_Type>0</Notify_Type>
		<Time_Delay>0</Time_Delay>
		<Alarm_Value>0</Alarm_Value>
		<Notification_Class>1</Notification_Class>
	</key>
	<key  number="1001504">
		<Object_Name>BINARY_VALUE 4</Object_Name>
		<Description>BINARY_VALUE 4</Description>
		<Device_Type>normal</Device_Type>
		<Inactive_Text>Off</Inactive_Text>
		<Active_Text>On</Active_Text>
		<Event_Enable>0</Event_Enable>
		<Notify_Type>0</Notify_Type>
		<Time_Delay>0</Time_Delay>
		<Alarm_Value>0</Alarm_Value>
		<Notification_Class>1</Notification_Class>
	</key>
		<key  number="1001505">
		<Object_Name>BINARY_VALUE 5</Object_Name>
		<Description>BINARY_VALUE 5</Description>
		<Device_Type>normal</Device_Type>
		<Inactive_Text>Off</Inactive_Text>
		<Active_Text>On</Active_Text>
		<Event_Enable>0</Event_Enable>
		<Notify_Type>0</Notify_Type>
		<Time_Delay>0</Time_Delay>
		<Alarm_Value>0</Alarm_Value>
		<Notification_Class>1</Notification_Class>
	</key>

	<key  number="1001801">
		<Object_Name>i823Controller</Object_Name>
	</key>
</root>