<?xml version="1.0" encoding="UTF-8" standalone="no"?>

<root>

<key number="1001021">
 
<Object_Name>UI21 </Object_Name>
 
 <Offset>0.100</Offset>
  
<Description>ANALOG INPUT 2</Description>
  
<Device_Type>NTC20K</Device_Type>

  <Units>98</Units>
 
 <Min_Pres_Value>-50.00</Min_Pres_Value>
 
 <Max_Pres_Value>100.000</Max_Pres_Value>
  
<COV_Increment>1.000</COV_Increment>
 
 <High_Limit>100.000</High_Limit>
 
 <Low_Limit>0.000</Low_Limit>
  
<Deadband>0.000</Deadband>

  <Limit_Enable>0</Limit_Enable>
 
 <Event_Enable>0</Event_Enable>
  
<Notify_Type>0</Notify_Type>
 
 <Time_Delay>0</Time_Delay>
  
<Notification_Class>1</Notification_Class>

 </key>
 
<key number="1001022">
 
 <Object_Name>UI22 </Object_Name>
 
 <Offset>0.000</Offset>
 
 <Description>ANALOG INPUT2</Description>
 
 <Device_Type>NTC20K</Device_Type>

  <Units>98</Units>
 
 <Min_Pres_Value>-50.000</Min_Pres_Value>
 
 <Max_Pres_Value>100.000</Max_Pres_Value>
  
<COV_Increment>1.000</COV_Increment>
 
 <High_Limit>100.000</High_Limit>
  
<Low_Limit>-50.000</Low_Limit>
  
<Deadband>0.000</Deadband>
  
<Limit_Enable>0</Limit_Enable>

  <Event_Enable>0</Event_Enable>
 
 <Notify_Type>0</Notify_Type>
 
 <Time_Delay>0</Time_Delay>
  
<Notification_Class>1</Notification_Class>

 </key>
 

<key number="1001121">
 
 <Object_Name>ANALOG OUTPUT2</Object_Name>
  
<Offset>1.000</Offset>
  
<Description>ANALOG OUTPUT2</Description>

  <Device_Type>0-10=0-100</Device_Type>
  
<COV_Increment>0.500</COV_Increment>
 
 <High_Limit>100</High_Limit>
 
<Low_Limit>0.000</Low_Limit>

  <Deadband>0.000</Deadband>

 <Limit_Enable>0</Limit_Enable>
 
 <Event_Enable>0</Event_Enable>
  
<Notify_Type>0</Notify_Type>

  <Time_Delay>0</Time_Delay>
 
 <Notification_Class>1</Notification_Class>
 
</key>
 
<key number="1001122">
 
 <Object_Name>ANALOG OUTPUT2</Object_Name>
  
<Offset>1.000</Offset>
 
 <Description>ANALOG OUTPUT2</Description>
 
 <Device_Type>0-10=0-100</Device_Type>
  
<COV_Increment>0.500</COV_Increment>
  
<High_Limit>100</High_Limit>

  <Low_Limit>0.000</Low_Limit>

  <Deadband>0.000</Deadband>
 
 <Limit_Enable>0</Limit_Enable>
 
 <Event_Enable>0</Event_Enable>
 
 <Notify_Type>0</Notify_Type>
 
 <Time_Delay>0</Time_Delay>
  
<Notification_Class>1</Notification_Class>

 </key>
 
<key number="1001321">

  <Object_Name>BINARY_INPUT2</Object_Name>
 
 <Description>BINARY_INPUT 2</Description>
 
 <Device_Type>normal open</Device_Type>
 
 <Inactive_Text>Off</Inactive_Text>
 
 <Active_Text>On</Active_Text>
  
<Event_Enable>0</Event_Enable>
 
<Notify_Type>0</Notify_Type>
 <Time_Delay>0</Time_Delay>
  
<Alarm_Value>0</Alarm_Value>
 
 <Notification_Class>1</Notification_Class>
 
</key>
 
<key number="1001322">
  
<Object_Name>BINARY_INPUT2</Object_Name>
 
 <Description>BINARY_INPUT 2</Description>
  
<Device_Type>normal open</Device_Type>
  
<Inactive_Text>Off</Inactive_Text>
 
 <Active_Text>On</Active_Text>
  
<Event_Enable>0</Event_Enable>
 
 <Notify_Type>0</Notify_Type>
  
<Time_Delay>0</Time_Delay>
  
<Alarm_Value>0</Alarm_Value>
 
 <Notification_Class>1</Notification_Class>
 
</key>
 
 <key number="1001421">
 
 <Object_Name>BO21</Object_Name>
 
 <Description>BO21</Description>
  
<Device_Type>normal</Device_Type>
 
 <Inactive_Text>Off</Inactive_Text>
 
 <Active_Text>On</Active_Text>
 
 <Event_Enable>0</Event_Enable>

  <Notify_Type>0</Notify_Type>
  
<Time_Delay>0</Time_Delay>
 
 <Alarm_Value>0</Alarm_Value>
 
 <Notification_Class>1</Notification_Class>

 </key>
 <key number="1001422">
 
 <Object_Name>BO22</Object_Name>
 
 <Description>BO22</Description>
  
<Device_Type>normal</Device_Type>
 
 <Inactive_Text>Off</Inactive_Text>
 
 <Active_Text>On</Active_Text>
 
 <Event_Enable>0</Event_Enable>

  <Notify_Type>0</Notify_Type>
  
<Time_Delay>0</Time_Delay>
 
 <Alarm_Value>0</Alarm_Value>
 
 <Notification_Class>1</Notification_Class>

 </key>
</root>
