<?xml version="1.0" encoding="UTF-8" standalone="no"?>
<root>
 <key number="1001031">
  <Object_Name>UI3 </Object_Name>
  <Offset>0.100</Offset>
  <Description>ANALOG INPUT 3</Description>
  <Device_Type>NTC20K</Device_Type>
  <Units>98</Units>
  <Min_Pres_Value>0.00</Min_Pres_Value>
  <Max_Pres_Value>100.000</Max_Pres_Value>
  <COV_Increment>1.000</COV_Increment>
  <High_Limit>100.000</High_Limit>
  <Low_Limit>0.000</Low_Limit>
  <Deadband>0.000</Deadband>
  <Limit_Enable>0</Limit_Enable>
  <Event_Enable>0</Event_Enable>
  <Notify_Type>0</Notify_Type>
  <Time_Delay>0</Time_Delay>
  <Notification_Class>1</Notification_Class>
 </key>
 <key number="1001032">
  <Object_Name>UI3 </Object_Name>
  <Offset>0.000</Offset>
  <Description>ANALOG INPUT3</Description>
  <Device_Type>NTC20K</Device_Type>
  <Units>98</Units>
  <Min_Pres_Value>0.000</Min_Pres_Value>
  <Max_Pres_Value>100.000</Max_Pres_Value>
  <COV_Increment>1.000</COV_Increment>
  <High_Limit>100.000</High_Limit>
  <Low_Limit>0.000</Low_Limit>
  <Deadband>0.000</Deadband>
  <Limit_Enable>0</Limit_Enable>
  <Event_Enable>0</Event_Enable>
  <Notify_Type>0</Notify_Type>
  <Time_Delay>0</Time_Delay>
  <Notification_Class>1</Notification_Class>
 </key>
 <key number="1001033">
  <Object_Name>UI3 </Object_Name>
  <Offset>0.000</Offset>
  <Description>ANALOG INPUT3</Description>
  <Device_Type>NTC20K</Device_Type>
  <Units>98</Units>
  <Min_Pres_Value>0.000</Min_Pres_Value>
  <Max_Pres_Value>100.000</Max_Pres_Value>
  <COV_Increment>1.000</COV_Increment>
  <High_Limit>100.000</High_Limit>
  <Low_Limit>0.000</Low_Limit>
  <Deadband>0.000</Deadband>
  <Limit_Enable>0</Limit_Enable>
  <Event_Enable>0</Event_Enable>
  <Notify_Type>0</Notify_Type>
  <Time_Delay>0</Time_Delay>
  <Notification_Class>1</Notification_Class>
 </key>
 <key number="1001034">
  <Object_Name>UI3 </Object_Name>
  <Offset>0.000</Offset>
  <Description>ANALOG INPUT3</Description>
  <Device_Type>NTC20K</Device_Type>
  <Units>98</Units>
  <Min_Pres_Value>0.000</Min_Pres_Value>
  <Max_Pres_Value>100.000</Max_Pres_Value>
  <COV_Increment>1.000</COV_Increment>
  <High_Limit>100.000</High_Limit>
  <Low_Limit>0.000</Low_Limit>
  <Deadband>0.000</Deadband>
  <Limit_Enable>0</Limit_Enable>
  <Event_Enable>0</Event_Enable>
  <Notify_Type>0</Notify_Type>
  <Time_Delay>0</Time_Delay>
  <Notification_Class>1</Notification_Class>
 </key>
 <key number="1001131">
  <Object_Name>ANALOG OUTPUT3</Object_Name>
  <Offset>1.000</Offset>
  <Description>ANALOG OUTPUT3</Description>
  <Device_Type>0-10=0-100</Device_Type>
  <COV_Increment>0.500</COV_Increment>
  <High_Limit>100</High_Limit>
  <Low_Limit>0.000</Low_Limit>
  <Deadband>0.000</Deadband>
  <Limit_Enable>0</Limit_Enable>
  <Event_Enable>0</Event_Enable>
  <Notify_Type>0</Notify_Type>
  <Time_Delay>0</Time_Delay>
  <Notification_Class>1</Notification_Class>
 </key>
 <key number="1001132">
  <Object_Name>ANALOG OUTPUT3</Object_Name>
  <Offset>1.000</Offset>
  <Description>ANALOG OUTPUT3</Description>
  <Device_Type>0-10=0-100</Device_Type>
  <COV_Increment>0.500</COV_Increment>
  <High_Limit>100</High_Limit>
  <Low_Limit>0.000</Low_Limit>
  <Deadband>0.000</Deadband>
  <Limit_Enable>0</Limit_Enable>
  <Event_Enable>0</Event_Enable>
  <Notify_Type>0</Notify_Type>
  <Time_Delay>0</Time_Delay>
  <Notification_Class>1</Notification_Class>
 </key>
 <key number="1001133">
  <Object_Name>ANALOG OUTPUT3</Object_Name>
  <Offset>1.000</Offset>
  <Description>ANALOG OUTPUT 3</Description>
  <Device_Type>0-10=0-100</Device_Type>
  <COV_Increment>0.500</COV_Increment>
  <High_Limit>100</High_Limit>
  <Low_Limit>0.000</Low_Limit>
  <Deadband>0.000</Deadband>
  <Limit_Enable>0</Limit_Enable>
  <Event_Enable>0</Event_Enable>
  <Notify_Type>0</Notify_Type>
  <Time_Delay>0</Time_Delay>
  <Notification_Class>1</Notification_Class>
 </key>
 <key number="1001134">
  <Object_Name>ANALOG OUTPUT3</Object_Name>
  <Offset>1.000</Offset>
  <Description>ANALOG OUTPUT3</Description>
  <Device_Type>0-10=0-100</Device_Type>
  <COV_Increment>0.500</COV_Increment>
  <High_Limit>100</High_Limit>
  <Low_Limit>0.000</Low_Limit>
  <Deadband>0.000</Deadband>
  <Limit_Enable>0</Limit_Enable>
  <Event_Enable>0</Event_Enable>
  <Notify_Type>0</Notify_Type>
  <Time_Delay>0</Time_Delay>
  <Notification_Class>1</Notification_Class>
 </key>
 
 <key number="1001331">
  <Object_Name>BINARY_INPUT3</Object_Name>
  <Description>BINARY_INPUT 3</Description>
  <Device_Type>normal open</Device_Type>
  <Inactive_Text>Off</Inactive_Text>
  <Active_Text>On</Active_Text>
  <Event_Enable>0</Event_Enable>
  <Notify_Type>0</Notify_Type>
  <Time_Delay>0</Time_Delay>
  <Alarm_Value>0</Alarm_Value>
  <Notification_Class>1</Notification_Class>
 </key>
 <key number="1001332">
  <Object_Name>BINARY_INPUT3</Object_Name>
  <Description>BINARY_INPUT 3</Description>
  <Device_Type>normal open</Device_Type>
  <Inactive_Text>Off</Inactive_Text>
  <Active_Text>On</Active_Text>
  <Event_Enable>0</Event_Enable>
  <Notify_Type>0</Notify_Type>
  <Time_Delay>0</Time_Delay>
  <Alarm_Value>0</Alarm_Value>
  <Notification_Class>1</Notification_Class>
 </key>
 </root>
