{"paths":{"AI":"app/view/tab/BasicController.js","AO":"app/view/tab/BasicController.js","AV":"app/view/tab/BasicController.js","BI":"app/view/tab/BasicController.js","BO":"app/view/tab/BasicController.js","BV":"app/view/tab/BasicController.js","Delayoff":"app/view/tab/BasicController.js","Ext":"ext/classic/classic/src","Ext.AbstractManager":"ext/packages/core/src/AbstractManager.js","Ext.Ajax":"ext/packages/core/src/Ajax.js","Ext.AnimationQueue":"ext/packages/core/src/AnimationQueue.js","Ext.Array":"ext/packages/core/src/lang/Array.js","Ext.Assert":"ext/packages/core/src/lang/Assert.js","Ext.Base":"ext/packages/core/src/class/Base.js","Ext.Boot":".sencha/app/Boot.js","Ext.Class":"ext/packages/core/src/class/Class.js","Ext.ClassManager":"ext/packages/core/src/class/ClassManager.js","Ext.ComponentManager":"ext/packages/core/src/ComponentManager.js","Ext.ComponentQuery":"ext/packages/core/src/ComponentQuery.js","Ext.Config":"ext/packages/core/src/class/Config.js","Ext.Configurator":"ext/packages/core/src/class/Configurator.js","Ext.Date":"ext/packages/core/src/lang/Date.js","Ext.Deferred":"ext/packages/core/src/Deferred.js","Ext.Error":"ext/packages/core/src/lang/Error.js","Ext.Evented":"ext/packages/core/src/Evented.js","Ext.Factory":"ext/packages/core/src/mixin/Factoryable.js","Ext.Function":"ext/packages/core/src/lang/Function.js","Ext.GlobalEvents":"ext/packages/core/src/GlobalEvents.js","Ext.Inventory":"ext/packages/core/src/class/Inventory.js","Ext.JSON":"ext/packages/core/src/JSON.js","Ext.Loader":"ext/packages/core/src/class/Loader.js","Ext.Mixin":"ext/packages/core/src/class/Mixin.js","Ext.Msg":"ext/classic/classic/src/window/MessageBox.js","Ext.Number":"ext/packages/core/src/lang/Number.js","Ext.Object":"ext/packages/core/src/lang/Object.js","Ext.Progress":"ext/packages/core/src/Progress.js","Ext.ProgressBase":"ext/packages/core/src/ProgressBase.js","Ext.Promise":"ext/packages/core/src/Promise.js","Ext.Script":"ext/packages/core/src/class/Inventory.js","Ext.String":"ext/packages/core/src/lang/String.js","Ext.String.format":"ext/packages/core/src/Template.js","Ext.TaskQueue":"ext/packages/core/src/TaskQueue.js","Ext.Template":"ext/packages/core/src/Template.js","Ext.Util":"ext/packages/core/src/Util.js","Ext.Version":"ext/packages/core/src/util/Version.js","Ext.Widget":"ext/packages/core/src/Widget.js","Ext.XTemplate":"ext/packages/core/src/XTemplate.js","Ext.app":"ext/packages/core/src/app","Ext.browser":"ext/packages/core/src/env/Browser.js","Ext.chart":"ext/packages/charts/src/chart","Ext.chart.LegendBase":"ext/packages/charts/classic/src/chart/LegendBase.js","Ext.chart.TipSurface":"ext/packages/charts/classic/src/chart/TipSurface.js","Ext.chart.interactions.ItemInfo":"ext/packages/charts/classic/src/chart/interactions/ItemInfo.js","Ext.chart.overrides":"ext/packages/charts/classic/overrides","Ext.class":"ext/packages/core/src/class","Ext.cmd":"../../../../../../../../../Users/lishaocheng/bin/Sencha/Cmd/6.5.3.6/plugins/src","Ext.data":"ext/packages/core/src/data","Ext.data.amf":"ext/packages/amf/src/data/amf","Ext.direct":"ext/packages/core/src/direct","Ext.direct.AmfRemotingProvider":"ext/packages/amf/src/direct/AmfRemotingProvider.js","Ext.dom":"ext/packages/core/src/dom","Ext.dom.ButtonElement":"ext/classic/classic/src/dom/ButtonElement.js","Ext.dom.Layer":"ext/classic/classic/src/dom/Layer.js","Ext.draw":"ext/packages/charts/src/draw","Ext.draw.ContainerBase":"ext/packages/charts/classic/src/draw/ContainerBase.js","Ext.draw.SurfaceBase":"ext/packages/charts/classic/src/draw/SurfaceBase.js","Ext.draw.engine.SvgContext.Gradient":"ext/packages/charts/src/draw/engine/SvgContext.js","Ext.env":"ext/packages/core/src/env","Ext.event":"ext/packages/core/src/event","Ext.event.publisher.MouseEnterLeave":"ext/classic/classic/src/event/publisher/MouseEnterLeave.js","Ext.feature":"ext/packages/core/src/env/Feature.js","Ext.fx.Animation":"ext/packages/core/src/fx/Animation.js","Ext.fx.Runner":"ext/packages/core/src/fx/Runner.js","Ext.fx.State":"ext/packages/core/src/fx/State.js","Ext.fx.animation":"ext/packages/core/src/fx/animation","Ext.fx.easing":"ext/packages/core/src/fx/easing","Ext.fx.layout":"ext/packages/core/src/fx/layout","Ext.fx.runner":"ext/packages/core/src/fx/runner","Ext.lang":"ext/packages/core/src/lang","Ext.list":"ext/packages/core/src/list","Ext.mixin":"ext/packages/core/src/mixin","Ext.os":"ext/packages/core/src/env/OS.js","Ext.overrides":"ext/classic/classic/overrides","Ext.overrides.list.TreeItem":"ext/classic/classic/overrides/list/Item.js","Ext.overrides.util.Positionable":"ext/classic/classic/overrides/Positionable.js","Ext.perf":"ext/packages/core/src/perf","Ext.plugin.Abstract":"ext/packages/core/src/plugin/Abstract.js","Ext.plugin.LazyItems":"ext/packages/core/src/plugin/LazyItems.js","Ext.promise":"ext/packages/core/src/promise","Ext.scroll":"ext/packages/core/src/scroll","Ext.supports":"ext/packages/core/src/env/Feature.js","Ext.theme.neptune":"ext/classic/theme-neptune/overrides","Ext.util":"ext/packages/core/src/util","Ext.util.Animate":"ext/classic/classic/src/util/Animate.js","Ext.util.CSS":"ext/classic/classic/src/util/CSS.js","Ext.util.ClickRepeater":"ext/classic/classic/src/util/ClickRepeater.js","Ext.util.ComponentDragger":"ext/classic/classic/src/util/ComponentDragger.js","Ext.util.Cookies":"ext/classic/classic/src/util/Cookies.js","Ext.util.ElementContainer":"ext/classic/classic/src/util/ElementContainer.js","Ext.util.Floating":"ext/classic/classic/src/util/Floating.js","Ext.util.FocusTrap":"ext/classic/classic/src/util/FocusTrap.js","Ext.util.Focusable":"ext/classic/classic/src/util/Focusable.js","Ext.util.FocusableContainer":"ext/classic/classic/src/util/FocusableContainer.js","Ext.util.Format.format":"ext/packages/core/src/Template.js","Ext.util.KeyMap":"ext/classic/classic/src/util/KeyMap.js","Ext.util.KeyNav":"ext/classic/classic/src/util/KeyNav.js","Ext.util.KeyboardInteractive":"ext/classic/classic/src/util/KeyboardInteractive.js","Ext.util.Memento":"ext/classic/classic/src/util/Memento.js","Ext.util.ProtoElement":"ext/classic/classic/src/util/ProtoElement.js","Ext.util.Queue":"ext/classic/classic/src/util/Queue.js","Ext.util.Renderable":"ext/classic/classic/src/util/Renderable.js","Ext.util.StoreHolder":"ext/classic/classic/src/util/StoreHolder.js","Ext.ux.BoxReorderer":"ext/packages/ux/classic/src/BoxReorderer.js","Ext.ux.CellDragDrop":"ext/packages/ux/classic/src/CellDragDrop.js","Ext.ux.DataTip":"ext/packages/ux/classic/src/DataTip.js","Ext.ux.DataView.Animated":"ext/packages/ux/classic/src/DataView/Animated.js","Ext.ux.DataView.DragSelector":"ext/packages/ux/classic/src/DataView/DragSelector.js","Ext.ux.DataView.Draggable":"ext/packages/ux/classic/src/DataView/Draggable.js","Ext.ux.DataView.LabelEditor":"ext/packages/ux/classic/src/DataView/LabelEditor.js","Ext.ux.Explorer":"ext/packages/ux/classic/src/Explorer.js","Ext.ux.FieldReplicator":"ext/packages/ux/classic/src/FieldReplicator.js","Ext.ux.GMapPanel":"ext/packages/ux/classic/src/GMapPanel.js","Ext.ux.GroupTabPanel":"ext/packages/ux/classic/src/GroupTabPanel.js","Ext.ux.GroupTabRenderer":"ext/packages/ux/classic/src/GroupTabRenderer.js","Ext.ux.IFrame":"ext/packages/ux/classic/src/IFrame.js","Ext.ux.LiveSearchGridPanel":"ext/packages/ux/classic/src/LiveSearchGridPanel.js","Ext.ux.PreviewPlugin":"ext/packages/ux/classic/src/PreviewPlugin.js","Ext.ux.ProgressBarPager":"ext/packages/ux/classic/src/ProgressBarPager.js","Ext.ux.RowExpander":"ext/packages/ux/classic/src/RowExpander.js","Ext.ux.SlidingPager":"ext/packages/ux/classic/src/SlidingPager.js","Ext.ux.Spotlight":"ext/packages/ux/classic/src/Spotlight.js","Ext.ux.TabCloseMenu":"ext/packages/ux/classic/src/TabCloseMenu.js","Ext.ux.TabReorderer":"ext/packages/ux/classic/src/TabReorderer.js","Ext.ux.TabScrollerMenu":"ext/packages/ux/classic/src/TabScrollerMenu.js","Ext.ux.ToolbarDroppable":"ext/packages/ux/classic/src/ToolbarDroppable.js","Ext.ux.TreePicker":"ext/packages/ux/classic/src/TreePicker.js","Ext.ux.ajax.DataSimlet":"ext/packages/ux/src/ajax/DataSimlet.js","Ext.ux.ajax.JsonSimlet":"ext/packages/ux/src/ajax/JsonSimlet.js","Ext.ux.ajax.SimManager":"ext/packages/ux/src/ajax/SimManager.js","Ext.ux.ajax.SimXhr":"ext/packages/ux/src/ajax/SimXhr.js","Ext.ux.ajax.Simlet":"ext/packages/ux/src/ajax/Simlet.js","Ext.ux.ajax.XmlSimlet":"ext/packages/ux/src/ajax/XmlSimlet.js","Ext.ux.colorpick.Button":"ext/packages/ux/classic/src/colorpick/Button.js","Ext.ux.colorpick.ButtonController":"ext/packages/ux/classic/src/colorpick/ButtonController.js","Ext.ux.colorpick.ColorMap":"ext/packages/ux/classic/src/colorpick/ColorMap.js","Ext.ux.colorpick.ColorMapController":"ext/packages/ux/classic/src/colorpick/ColorMapController.js","Ext.ux.colorpick.ColorPreview":"ext/packages/ux/classic/src/colorpick/ColorPreview.js","Ext.ux.colorpick.ColorUtils":"ext/packages/ux/classic/src/colorpick/ColorUtils.js","Ext.ux.colorpick.Field":"ext/packages/ux/classic/src/colorpick/Field.js","Ext.ux.colorpick.Selection":"ext/packages/ux/classic/src/colorpick/Selection.js","Ext.ux.colorpick.Selector":"ext/packages/ux/classic/src/colorpick/Selector.js","Ext.ux.colorpick.SelectorController":"ext/packages/ux/classic/src/colorpick/SelectorController.js","Ext.ux.colorpick.SelectorModel":"ext/packages/ux/classic/src/colorpick/SelectorModel.js","Ext.ux.colorpick.Slider":"ext/packages/ux/classic/src/colorpick/Slider.js","Ext.ux.colorpick.SliderAlpha":"ext/packages/ux/classic/src/colorpick/SliderAlpha.js","Ext.ux.colorpick.SliderController":"ext/packages/ux/classic/src/colorpick/SliderController.js","Ext.ux.colorpick.SliderHue":"ext/packages/ux/classic/src/colorpick/SliderHue.js","Ext.ux.colorpick.SliderSaturation":"ext/packages/ux/classic/src/colorpick/SliderSaturation.js","Ext.ux.colorpick.SliderValue":"ext/packages/ux/classic/src/colorpick/SliderValue.js","Ext.ux.dashboard.GoogleRssPart":"ext/packages/ux/classic/src/dashboard/GoogleRssPart.js","Ext.ux.dashboard.GoogleRssView":"ext/packages/ux/classic/src/dashboard/GoogleRssView.js","Ext.ux.data.PagingMemoryProxy":"ext/packages/ux/classic/src/data/PagingMemoryProxy.js","Ext.ux.dd.CellFieldDropZone":"ext/packages/ux/classic/src/dd/CellFieldDropZone.js","Ext.ux.dd.PanelFieldDragZone":"ext/packages/ux/classic/src/dd/PanelFieldDragZone.js","Ext.ux.desktop.App":"ext/packages/ux/classic/src/desktop/App.js","Ext.ux.desktop.Desktop":"ext/packages/ux/classic/src/desktop/Desktop.js","Ext.ux.desktop.Module":"ext/packages/ux/classic/src/desktop/Module.js","Ext.ux.desktop.ShortcutModel":"ext/packages/ux/classic/src/desktop/ShortcutModel.js","Ext.ux.desktop.StartMenu":"ext/packages/ux/classic/src/desktop/StartMenu.js","Ext.ux.desktop.TaskBar":"ext/packages/ux/classic/src/desktop/TaskBar.js","Ext.ux.desktop.TrayClock":"ext/packages/ux/classic/src/desktop/TaskBar.js","Ext.ux.desktop.Video":"ext/packages/ux/classic/src/desktop/Video.js","Ext.ux.desktop.Wallpaper":"ext/packages/ux/classic/src/desktop/Wallpaper.js","Ext.ux.event.Driver":"ext/packages/ux/src/event/Driver.js","Ext.ux.event.Maker":"ext/packages/ux/src/event/Maker.js","Ext.ux.event.Player":"ext/packages/ux/src/event/Player.js","Ext.ux.event.Recorder":"ext/packages/ux/src/event/Recorder.js","Ext.ux.event.RecorderManager":"ext/packages/ux/classic/src/event/RecorderManager.js","Ext.ux.form.ItemSelector":"ext/packages/ux/classic/src/form/ItemSelector.js","Ext.ux.form.MultiSelect":"ext/packages/ux/classic/src/form/MultiSelect.js","Ext.ux.form.SearchField":"ext/packages/ux/classic/src/form/SearchField.js","Ext.ux.google.Api":"ext/packages/ux/src/google/Api.js","Ext.ux.google.Feeds":"ext/packages/ux/src/google/Feeds.js","Ext.ux.grid.SubTable":"ext/packages/ux/classic/src/grid/SubTable.js","Ext.ux.grid.TransformGrid":"ext/packages/ux/classic/src/grid/TransformGrid.js","Ext.ux.layout.ResponsiveColumn":"ext/packages/ux/classic/src/layout/ResponsiveColumn.js","Ext.ux.rating.Picker":"ext/packages/ux/classic/src/rating/Picker.js","Ext.ux.statusbar.StatusBar":"ext/packages/ux/classic/src/statusbar/StatusBar.js","Ext.ux.statusbar.ValidationStatus":"ext/packages/ux/classic/src/statusbar/ValidationStatus.js","Integer":"app/view/tab/BasicController.js","NOT":"app/view/tab/BasicController.js","SCFM":"app/view/tab/BasicController.js","Switch":"app/view/tab/BasicController.js","add":"app/view/tab/BasicController.js","aodo":"app/view/tab/BasicController.js","aver":"app/view/tab/BasicController.js","buffer":"app/view/tab/BasicController.js","comp":"app/view/tab/BasicController.js","count":"app/view/tab/BasicController.js","delay":"app/view/tab/BasicController.js","doubleBO":"app/view/tab/BasicController.js","enth":"app/view/tab/BasicController.js","fa":"app/view/tab/BasicController.js","fd":"app/view/tab/BasicController.js","hour":"app/view/tab/BasicController.js","hy":"app/view/tab/BasicController.js","lock":"app/view/tab/BasicController.js","logic":"app/view/tab/BasicController.js","max":"app/view/tab/BasicController.js","mul":"app/view/tab/BasicController.js","pid":"app/view/tab/BasicController.js","program":"app","program.store.SvgImgs":"app/view/main/MainModel.js","program.view.grid.BackupGrid":"classic/src/view/main/BackupGrid.js","program.view.grid.LogicGridPanel":"classic/src/view/main/LogicGridPanel.js","program.view.grid.PropertypeGrid":"classic/src/view/main/PropertypeGrid.js","program.view.grid.TypeGrid":"classic/src/view/main/TypeGrid.js","program.view.grid.menu.gridmenu":"classic/src/view/main/gridmenu.js","program.view.main.List":"classic/src/view/main/List.js","program.view.main.Main":"classic/src/view/main/Main.js","program.view.main.toolbar.TopToolbar":"classic/src/view/main/TopToolbar.js","program.view.massage.ProgressBarWin":"classic/src/view/main/ProgressBarWin.js","program.view.tab.BasicTabs":"classic/src/view/main/BasicTabs.js","program.view.tab.FramedTabs":"classic/src/view/main/FramedTabs.js","program.view.tree.DevTree":"classic/src/view/main/DevTree.js","program.view.tree.ReplaceKey":"classic/src/view/main/ReplaceKey.js","program.view.window.AlarmWindow":"classic/src/view/main/AlarmWindow.js","program.view.window.AttributeTableWin":"classic/src/view/main/AttributeTableWin.js","program.view.window.Backup":"classic/src/view/main/Backup.js","program.view.window.DrawWeeksWindow":"classic/src/view/main/DrawWeeksWindow.js","program.view.window.EditFile":"classic/src/view/main/EditFile.js","program.view.window.RenameWindow":"classic/src/view/main/RenameWindow.js","program.view.window.ReplaceDevInfo":"classic/src/view/main/ReplaceDevInfo.js","program.view.window.ShowDevices":"classic/src/view/main/ShowDevices.js","program.view.window.SynchrnousWindow":"classic/src/view/main/SynchrnousWindow.js","program.view.window.UploadWindow":"classic/src/view/main/UploadWindow.js","pulse":"app/view/tab/BasicController.js","scale":"app/view/tab/BasicController.js","select":"app/view/tab/BasicController.js","sub":"app/view/tab/BasicController.js"},"classes":{"AI":{"idx":285,"alias":[],"alternates":[]},"AO":{"idx":285,"alias":[],"alternates":[]},"AV":{"idx":285,"alias":[],"alternates":[]},"BI":{"idx":285,"alias":[],"alternates":[]},"BO":{"idx":285,"alias":[],"alternates":[]},"BV":{"idx":285,"alias":[],"alternates":[]},"Delayoff":{"idx":285,"alias":[],"alternates":[]},"Ext.AbstractManager":{"alias":[],"alternates":[]},"Ext.Action":{"alias":[],"alternates":[]},"Ext.Ajax":{"alias":[],"alternates":[]},"Ext.AnimationQueue":{"alias":[],"alternates":[]},"Ext.Component":{"alias":["widget.box","widget.component"],"alternates":["Ext.AbstractComponent"]},"Ext.ComponentLoader":{"alias":[],"alternates":[]},"Ext.ComponentManager":{"alias":[],"alternates":["Ext.ComponentMgr"]},"Ext.ComponentQuery":{"alias":[],"alternates":[]},"Ext.Deferred":{"alias":[],"alternates":[]},"Ext.Editor":{"alias":["widget.editor"],"alternates":[]},"Ext.ElementLoader":{"alias":[],"alternates":[]},"Ext.EventManager":{"alias":[],"alternates":[]},"Ext.Evented":{"alias":[],"alternates":["Ext.EventedBase"]},"Ext.GlobalEvents":{"alias":[],"alternates":["Ext.globalEvents"]},"Ext.Img":{"alias":["widget.image","widget.imagecomponent"],"alternates":[]},"Ext.LoadMask":{"alias":["widget.loadmask"],"alternates":[]},"Ext.Mixin":{"alias":[],"alternates":[]},"Ext.Progress":{"alias":["widget.progress","widget.progressbarwidget"],"alternates":["Ext.ProgressBarWidget"]},"Ext.ProgressBar":{"alias":["widget.progressbar"],"alternates":[]},"Ext.ProgressBase":{"alias":[],"alternates":[]},"Ext.Promise":{"alias":[],"alternates":[]},"Ext.TaskQueue":{"alias":[],"alternates":[]},"Ext.Template":{"alias":[],"alternates":[]},"Ext.Widget":{"alias":["widget.widget"],"alternates":[]},"Ext.XTemplate":{"alias":[],"alternates":[]},"Ext.ZIndexManager":{"alias":[],"alternates":["Ext.WindowGroup"]},"Ext.app.Application":{"alias":[],"alternates":[]},"Ext.app.BaseController":{"alias":[],"alternates":[]},"Ext.app.Controller":{"alias":[],"alternates":[]},"Ext.app.EventBus":{"alias":[],"alternates":[]},"Ext.app.EventDomain":{"alias":[],"alternates":[]},"Ext.app.Profile":{"alias":[],"alternates":[]},"Ext.app.Util":{"alias":[],"alternates":[]},"Ext.app.ViewController":{"alias":[],"alternates":[]},"Ext.app.ViewModel":{"alias":["viewmodel.default"],"alternates":[]},"Ext.app.bind.AbstractStub":{"alias":[],"alternates":[]},"Ext.app.bind.BaseBinding":{"alias":[],"alternates":[]},"Ext.app.bind.Binding":{"alias":[],"alternates":[]},"Ext.app.bind.Formula":{"alias":[],"alternates":[]},"Ext.app.bind.LinkStub":{"alias":[],"alternates":[]},"Ext.app.bind.Multi":{"alias":[],"alternates":[]},"Ext.app.bind.RootStub":{"alias":[],"alternates":[]},"Ext.app.bind.Stub":{"alias":[],"alternates":[]},"Ext.app.bind.Template":{"alias":[],"alternates":[]},"Ext.app.bind.TemplateBinding":{"alias":[],"alternates":[]},"Ext.app.domain.Component":{"alias":[],"alternates":[]},"Ext.app.domain.Controller":{"alias":[],"alternates":[]},"Ext.app.domain.Direct":{"alias":[],"alternates":[]},"Ext.app.domain.Global":{"alias":[],"alternates":[]},"Ext.app.domain.Store":{"alias":[],"alternates":[]},"Ext.app.domain.View":{"alias":[],"alternates":[]},"Ext.app.route.Queue":{"alias":[],"alternates":[]},"Ext.app.route.Route":{"alias":[],"alternates":[]},"Ext.app.route.Router":{"alias":[],"alternates":[]},"Ext.button.Button":{"alias":["widget.button"],"alternates":["Ext.Button"]},"Ext.button.Cycle":{"alias":["widget.cycle"],"alternates":["Ext.CycleButton"]},"Ext.button.Manager":{"alias":[],"alternates":["Ext.ButtonToggleManager"]},"Ext.button.Segmented":{"alias":["widget.segmentedbutton"],"alternates":[]},"Ext.button.Split":{"alias":["widget.splitbutton"],"alternates":["Ext.SplitButton"]},"Ext.chart.AbstractChart":{"idx":97,"alias":[],"alternates":[]},"Ext.chart.CartesianChart":{"idx":101,"alias":["widget.cartesian","widget.chart"],"alternates":["Ext.chart.Chart"]},"Ext.chart.Legend":{"idx":96,"alias":["widget.legend"],"alternates":[]},"Ext.chart.LegendBase":{"idx":95,"alias":[],"alternates":[]},"Ext.chart.MarkerHolder":{"idx":84,"alias":[],"alternates":[]},"Ext.chart.Markers":{"idx":79,"alias":[],"alternates":[]},"Ext.chart.PolarChart":{"idx":104,"alias":["widget.polar"],"alternates":[]},"Ext.chart.SpaceFillingChart":{"idx":105,"alias":["widget.spacefilling"],"alternates":[]},"Ext.chart.TipSurface":{"idx":184,"alias":[],"alternates":[]},"Ext.chart.axis.Axis":{"idx":94,"alias":["widget.axis"],"alternates":[]},"Ext.chart.axis.Axis3D":{"idx":107,"alias":["widget.axis3d"],"alternates":[]},"Ext.chart.axis.Category":{"idx":108,"alias":["axis.category"],"alternates":[]},"Ext.chart.axis.Category3D":{"idx":109,"alias":["axis.category3d"],"alternates":[]},"Ext.chart.axis.Numeric":{"idx":110,"alias":["axis.numeric","axis.radial"],"alternates":[]},"Ext.chart.axis.Numeric3D":{"idx":111,"alias":["axis.numeric3d"],"alternates":[]},"Ext.chart.axis.Time":{"idx":112,"alias":["axis.time"],"alternates":[]},"Ext.chart.axis.Time3D":{"idx":113,"alias":["axis.time3d"],"alternates":[]},"Ext.chart.axis.layout.CombineDuplicate":{"idx":92,"alias":["axisLayout.combineDuplicate"],"alternates":[]},"Ext.chart.axis.layout.Continuous":{"idx":93,"alias":["axisLayout.continuous"],"alternates":[]},"Ext.chart.axis.layout.Discrete":{"idx":91,"alias":["axisLayout.discrete"],"alternates":[]},"Ext.chart.axis.layout.Layout":{"idx":90,"alias":[],"alternates":[]},"Ext.chart.axis.segmenter.Names":{"idx":87,"alias":["segmenter.names"],"alternates":[]},"Ext.chart.axis.segmenter.Numeric":{"idx":88,"alias":["segmenter.numeric"],"alternates":[]},"Ext.chart.axis.segmenter.Segmenter":{"idx":86,"alias":[],"alternates":[]},"Ext.chart.axis.segmenter.Time":{"idx":89,"alias":["segmenter.time"],"alternates":[]},"Ext.chart.axis.sprite.Axis":{"idx":85,"alias":["sprite.axis"],"alternates":[]},"Ext.chart.axis.sprite.Axis3D":{"idx":106,"alias":["sprite.axis3d"],"alternates":[]},"Ext.chart.grid.CircularGrid":{"idx":102,"alias":["grid.circular"],"alternates":[]},"Ext.chart.grid.HorizontalGrid":{"idx":99,"alias":["grid.horizontal"],"alternates":[]},"Ext.chart.grid.HorizontalGrid3D":{"idx":114,"alias":["grid.horizontal3d"],"alternates":[]},"Ext.chart.grid.RadialGrid":{"idx":103,"alias":["grid.radial"],"alternates":[]},"Ext.chart.grid.VerticalGrid":{"idx":100,"alias":["grid.vertical"],"alternates":[]},"Ext.chart.grid.VerticalGrid3D":{"idx":115,"alias":["grid.vertical3d"],"alternates":[]},"Ext.chart.interactions.Abstract":{"idx":83,"alias":["widget.interaction"],"alternates":[]},"Ext.chart.interactions.CrossZoom":{"idx":116,"alias":["interaction.crosszoom"],"alternates":[]},"Ext.chart.interactions.Crosshair":{"idx":117,"alias":["interaction.crosshair"],"alternates":[]},"Ext.chart.interactions.ItemEdit":{"idx":119,"alias":["interaction.itemedit"],"alternates":[]},"Ext.chart.interactions.ItemHighlight":{"idx":118,"alias":["interaction.itemhighlight"],"alternates":[]},"Ext.chart.interactions.ItemInfo":{"idx":185,"alias":["interaction.iteminfo"],"alternates":[]},"Ext.chart.interactions.PanZoom":{"idx":120,"alias":["interaction.panzoom"],"alternates":[]},"Ext.chart.interactions.Rotate":{"idx":121,"alias":["interaction.rotate"],"alternates":[]},"Ext.chart.interactions.RotatePie3D":{"idx":122,"alias":["interaction.rotatePie3d"],"alternates":[]},"Ext.chart.label.Callout":{"idx":80,"alias":[],"alternates":[]},"Ext.chart.label.Label":{"idx":81,"alias":[],"alternates":[]},"Ext.chart.overrides.AbstractChart":{"idx":98,"alias":[],"alternates":[]},"Ext.chart.plugin.ItemEvents":{"idx":123,"alias":["plugin.chartitemevents"],"alternates":[]},"Ext.chart.series.Area":{"idx":130,"alias":["series.area"],"alternates":[]},"Ext.chart.series.Bar":{"idx":132,"alias":["series.bar"],"alternates":[]},"Ext.chart.series.Bar3D":{"idx":135,"alias":["series.bar3d"],"alternates":[]},"Ext.chart.series.CandleStick":{"idx":140,"alias":["series.candlestick"],"alternates":[]},"Ext.chart.series.Cartesian":{"idx":124,"alias":[],"alternates":[]},"Ext.chart.series.Gauge":{"idx":142,"alias":["series.gauge"],"alternates":[]},"Ext.chart.series.Line":{"idx":144,"alias":["series.line"],"alternates":[]},"Ext.chart.series.Pie":{"idx":146,"alias":["series.pie"],"alternates":[]},"Ext.chart.series.Pie3D":{"idx":149,"alias":["series.pie3d"],"alternates":[]},"Ext.chart.series.Polar":{"idx":141,"alias":[],"alternates":[]},"Ext.chart.series.Radar":{"idx":152,"alias":["series.radar"],"alternates":[]},"Ext.chart.series.Scatter":{"idx":154,"alias":["series.scatter"],"alternates":[]},"Ext.chart.series.Series":{"idx":82,"alias":[],"alternates":[]},"Ext.chart.series.StackedCartesian":{"idx":125,"alias":[],"alternates":[]},"Ext.chart.series.sprite.Aggregative":{"idx":138,"alias":[],"alternates":[]},"Ext.chart.series.sprite.Area":{"idx":129,"alias":["sprite.areaSeries"],"alternates":[]},"Ext.chart.series.sprite.Bar":{"idx":131,"alias":["sprite.barSeries"],"alternates":[]},"Ext.chart.series.sprite.Bar3D":{"idx":133,"alias":["sprite.bar3dSeries"],"alternates":[]},"Ext.chart.series.sprite.Box":{"idx":134,"alias":["sprite.box"],"alternates":[]},"Ext.chart.series.sprite.CandleStick":{"idx":139,"alias":["sprite.candlestickSeries"],"alternates":[]},"Ext.chart.series.sprite.Cartesian":{"idx":127,"alias":[],"alternates":[]},"Ext.chart.series.sprite.Line":{"idx":143,"alias":["sprite.lineSeries"],"alternates":[]},"Ext.chart.series.sprite.Pie3DPart":{"idx":147,"alias":["sprite.pie3dPart"],"alternates":[]},"Ext.chart.series.sprite.PieSlice":{"idx":145,"alias":["sprite.pieslice"],"alternates":[]},"Ext.chart.series.sprite.Polar":{"idx":150,"alias":[],"alternates":[]},"Ext.chart.series.sprite.Radar":{"idx":151,"alias":["sprite.radar"],"alternates":[]},"Ext.chart.series.sprite.Scatter":{"idx":153,"alias":["sprite.scatterSeries"],"alternates":[]},"Ext.chart.series.sprite.Series":{"idx":126,"alias":[],"alternates":[]},"Ext.chart.series.sprite.StackedCartesian":{"idx":128,"alias":[],"alternates":[]},"Ext.chart.theme.Base":{"idx":77,"alias":[],"alternates":[]},"Ext.chart.theme.Blue":{"idx":155,"alias":["chart.theme.Blue","chart.theme.blue"],"alternates":[]},"Ext.chart.theme.BlueGradients":{"idx":156,"alias":["chart.theme.Blue:gradients","chart.theme.blue-gradients"],"alternates":[]},"Ext.chart.theme.Category1":{"idx":157,"alias":["chart.theme.Category1","chart.theme.category1"],"alternates":[]},"Ext.chart.theme.Category1Gradients":{"idx":158,"alias":["chart.theme.Category1:gradients","chart.theme.category1-gradients"],"alternates":[]},"Ext.chart.theme.Category2":{"idx":159,"alias":["chart.theme.Category2","chart.theme.category2"],"alternates":[]},"Ext.chart.theme.Category2Gradients":{"idx":160,"alias":["chart.theme.Category2:gradients","chart.theme.category2-gradients"],"alternates":[]},"Ext.chart.theme.Category3":{"idx":161,"alias":["chart.theme.Category3","chart.theme.category3"],"alternates":[]},"Ext.chart.theme.Category3Gradients":{"idx":162,"alias":["chart.theme.Category3:gradients","chart.theme.category3-gradients"],"alternates":[]},"Ext.chart.theme.Category4":{"idx":163,"alias":["chart.theme.Category4","chart.theme.category4"],"alternates":[]},"Ext.chart.theme.Category4Gradients":{"idx":164,"alias":["chart.theme.Category4:gradients","chart.theme.category4-gradients"],"alternates":[]},"Ext.chart.theme.Category5":{"idx":165,"alias":["chart.theme.Category5","chart.theme.category5"],"alternates":[]},"Ext.chart.theme.Category5Gradients":{"idx":166,"alias":["chart.theme.Category5:gradients","chart.theme.category5-gradients"],"alternates":[]},"Ext.chart.theme.Category6":{"idx":167,"alias":["chart.theme.Category6","chart.theme.category6"],"alternates":[]},"Ext.chart.theme.Category6Gradients":{"idx":168,"alias":["chart.theme.Category6:gradients","chart.theme.category6-gradients"],"alternates":[]},"Ext.chart.theme.Default":{"idx":78,"alias":["chart.theme.Base","chart.theme.default"],"alternates":[]},"Ext.chart.theme.DefaultGradients":{"idx":169,"alias":["chart.theme.Base:gradients","chart.theme.default-gradients"],"alternates":[]},"Ext.chart.theme.Green":{"idx":170,"alias":["chart.theme.Green","chart.theme.green"],"alternates":[]},"Ext.chart.theme.GreenGradients":{"idx":171,"alias":["chart.theme.Green:gradients","chart.theme.green-gradients"],"alternates":[]},"Ext.chart.theme.Midnight":{"idx":172,"alias":["chart.theme.Midnight","chart.theme.midnight"],"alternates":[]},"Ext.chart.theme.Muted":{"idx":173,"alias":["chart.theme.Muted","chart.theme.muted"],"alternates":[]},"Ext.chart.theme.Purple":{"idx":174,"alias":["chart.theme.Purple","chart.theme.purple"],"alternates":[]},"Ext.chart.theme.PurpleGradients":{"idx":175,"alias":["chart.theme.Purple:gradients","chart.theme.purple-gradients"],"alternates":[]},"Ext.chart.theme.Red":{"idx":176,"alias":["chart.theme.Red","chart.theme.red"],"alternates":[]},"Ext.chart.theme.RedGradients":{"idx":177,"alias":["chart.theme.Red:gradients","chart.theme.red-gradients"],"alternates":[]},"Ext.chart.theme.Sky":{"idx":178,"alias":["chart.theme.Sky","chart.theme.sky"],"alternates":[]},"Ext.chart.theme.SkyGradients":{"idx":179,"alias":["chart.theme.Sky:gradients","chart.theme.sky-gradients"],"alternates":[]},"Ext.chart.theme.Yellow":{"idx":180,"alias":["chart.theme.Yellow","chart.theme.yellow"],"alternates":[]},"Ext.chart.theme.YellowGradients":{"idx":181,"alias":["chart.theme.Yellow:gradients","chart.theme.yellow-gradients"],"alternates":[]},"Ext.container.ButtonGroup":{"alias":["widget.buttongroup"],"alternates":["Ext.ButtonGroup"]},"Ext.container.Container":{"alias":["widget.container"],"alternates":["Ext.Container","Ext.AbstractContainer"]},"Ext.container.DockingContainer":{"alias":[],"alternates":[]},"Ext.container.Monitor":{"alias":[],"alternates":[]},"Ext.container.Viewport":{"alias":["widget.viewport"],"alternates":["Ext.Viewport"]},"Ext.dashboard.Column":{"alias":["widget.dashboard-column"],"alternates":[]},"Ext.dashboard.Dashboard":{"alias":["widget.dashboard"],"alternates":[]},"Ext.dashboard.DropZone":{"alias":[],"alternates":[]},"Ext.dashboard.Panel":{"alias":["widget.dashboard-panel"],"alternates":[]},"Ext.dashboard.Part":{"alias":["part.part"],"alternates":[]},"Ext.data.AbstractStore":{"alias":[],"alternates":[]},"Ext.data.ArrayStore":{"alias":["store.array"],"alternates":["Ext.data.SimpleStore"]},"Ext.data.Batch":{"alias":[],"alternates":[]},"Ext.data.BufferedStore":{"alias":["store.buffered"],"alternates":[]},"Ext.data.ChainedStore":{"alias":["store.chained"],"alternates":[]},"Ext.data.Connection":{"alias":[],"alternates":[]},"Ext.data.DirectStore":{"alias":["store.direct"],"alternates":[]},"Ext.data.Error":{"alias":[],"alternates":[]},"Ext.data.ErrorCollection":{"alias":[],"alternates":["Ext.data.Errors"]},"Ext.data.JsonP":{"alias":[],"alternates":[]},"Ext.data.JsonPStore":{"alias":["store.jsonp"],"alternates":[]},"Ext.data.JsonStore":{"alias":["store.json"],"alternates":[]},"Ext.data.LocalStore":{"alias":[],"alternates":[]},"Ext.data.Model":{"alias":[],"alternates":["Ext.data.Record"]},"Ext.data.ModelManager":{"alias":[],"alternates":["Ext.ModelMgr"]},"Ext.data.NodeInterface":{"alias":[],"alternates":[]},"Ext.data.NodeStore":{"alias":["store.node"],"alternates":[]},"Ext.data.PageMap":{"alias":[],"alternates":[]},"Ext.data.ProxyStore":{"alias":[],"alternates":[]},"Ext.data.Request":{"alias":[],"alternates":[]},"Ext.data.ResultSet":{"alias":[],"alternates":[]},"Ext.data.Session":{"alias":[],"alternates":[]},"Ext.data.SortTypes":{"alias":[],"alternates":[]},"Ext.data.Store":{"alias":["store.store"],"alternates":[]},"Ext.data.StoreManager":{"alias":[],"alternates":["Ext.StoreMgr","Ext.data.StoreMgr","Ext.StoreManager"]},"Ext.data.TreeModel":{"alias":[],"alternates":[]},"Ext.data.TreeStore":{"alias":["store.tree"],"alternates":[]},"Ext.data.Types":{"alias":[],"alternates":[]},"Ext.data.Validation":{"alias":[],"alternates":[]},"Ext.data.XmlStore":{"alias":["store.xml"],"alternates":[]},"Ext.data.amf.Encoder":{"idx":19,"alias":["data.amf.Encoder"],"alternates":[]},"Ext.data.amf.Packet":{"idx":20,"alias":[],"alternates":[]},"Ext.data.amf.Proxy":{"idx":22,"alias":["proxy.amf"],"alternates":[]},"Ext.data.amf.Reader":{"idx":21,"alias":["reader.amf"],"alternates":[]},"Ext.data.amf.RemotingMessage":{"idx":23,"alias":["data.amf.remotingmessage"],"alternates":[]},"Ext.data.amf.XmlDecoder":{"idx":24,"alias":["data.amf.xmldecoder"],"alternates":[]},"Ext.data.amf.XmlEncoder":{"idx":25,"alias":["data.amf.xmlencoder"],"alternates":[]},"Ext.data.field.Boolean":{"alias":["data.field.bool","data.field.boolean"],"alternates":[]},"Ext.data.field.Date":{"alias":["data.field.date"],"alternates":[]},"Ext.data.field.Field":{"alias":["data.field.auto"],"alternates":["Ext.data.Field"]},"Ext.data.field.Integer":{"alias":["data.field.int","data.field.integer"],"alternates":[]},"Ext.data.field.Number":{"alias":["data.field.float","data.field.number"],"alternates":[]},"Ext.data.field.String":{"alias":["data.field.string"],"alternates":[]},"Ext.data.flash.BinaryXhr":{"alias":[],"alternates":[]},"Ext.data.identifier.Generator":{"alias":["data.identifier.default"],"alternates":[]},"Ext.data.identifier.Negative":{"alias":["data.identifier.negative"],"alternates":[]},"Ext.data.identifier.Sequential":{"alias":["data.identifier.sequential"],"alternates":[]},"Ext.data.identifier.Uuid":{"alias":["data.identifier.uuid"],"alternates":[]},"Ext.data.matrix.Matrix":{"alias":[],"alternates":[]},"Ext.data.matrix.Side":{"alias":[],"alternates":[]},"Ext.data.matrix.Slice":{"alias":[],"alternates":[]},"Ext.data.operation.Create":{"alias":["data.operation.create"],"alternates":[]},"Ext.data.operation.Destroy":{"alias":["data.operation.destroy"],"alternates":[]},"Ext.data.operation.Operation":{"alias":[],"alternates":["Ext.data.Operation"]},"Ext.data.operation.Read":{"alias":["data.operation.read"],"alternates":[]},"Ext.data.operation.Update":{"alias":["data.operation.update"],"alternates":[]},"Ext.data.proxy.Ajax":{"alias":["proxy.ajax"],"alternates":["Ext.data.HttpProxy","Ext.data.AjaxProxy"]},"Ext.data.proxy.Client":{"alias":[],"alternates":["Ext.data.ClientProxy"]},"Ext.data.proxy.Direct":{"alias":["proxy.direct"],"alternates":["Ext.data.DirectProxy"]},"Ext.data.proxy.JsonP":{"alias":["proxy.jsonp","proxy.scripttag"],"alternates":["Ext.data.ScriptTagProxy"]},"Ext.data.proxy.LocalStorage":{"alias":["proxy.localstorage"],"alternates":["Ext.data.LocalStorageProxy"]},"Ext.data.proxy.Memory":{"alias":["proxy.memory"],"alternates":["Ext.data.MemoryProxy"]},"Ext.data.proxy.Proxy":{"alias":["proxy.proxy"],"alternates":["Ext.data.DataProxy","Ext.data.Proxy"]},"Ext.data.proxy.Rest":{"alias":["proxy.rest"],"alternates":["Ext.data.RestProxy"]},"Ext.data.proxy.Server":{"alias":["proxy.server"],"alternates":["Ext.data.ServerProxy"]},"Ext.data.proxy.SessionStorage":{"alias":["proxy.sessionstorage"],"alternates":["Ext.data.SessionStorageProxy"]},"Ext.data.proxy.WebStorage":{"alias":[],"alternates":["Ext.data.WebStorageProxy"]},"Ext.data.reader.Array":{"alias":["reader.array"],"alternates":["Ext.data.ArrayReader"]},"Ext.data.reader.Json":{"alias":["reader.json"],"alternates":["Ext.data.JsonReader"]},"Ext.data.reader.Reader":{"alias":["reader.base"],"alternates":["Ext.data.Reader","Ext.data.DataReader"]},"Ext.data.reader.Xml":{"alias":["reader.xml"],"alternates":["Ext.data.XmlReader"]},"Ext.data.request.Ajax":{"alias":["request.ajax"],"alternates":[]},"Ext.data.request.Base":{"alias":[],"alternates":[]},"Ext.data.request.Form":{"alias":["request.form"],"alternates":[]},"Ext.data.schema.Association":{"alias":[],"alternates":[]},"Ext.data.schema.ManyToMany":{"alias":[],"alternates":[]},"Ext.data.schema.ManyToOne":{"alias":[],"alternates":[]},"Ext.data.schema.Namer":{"alias":["namer.default"],"alternates":[]},"Ext.data.schema.OneToOne":{"alias":[],"alternates":[]},"Ext.data.schema.Role":{"alias":[],"alternates":[]},"Ext.data.schema.Schema":{"alias":["schema.default"],"alternates":[]},"Ext.data.session.BatchVisitor":{"alias":[],"alternates":[]},"Ext.data.session.ChangesVisitor":{"alias":[],"alternates":[]},"Ext.data.session.ChildChangesVisitor":{"alias":[],"alternates":[]},"Ext.data.validator.Bound":{"alias":["data.validator.bound"],"alternates":[]},"Ext.data.validator.Email":{"alias":["data.validator.email"],"alternates":[]},"Ext.data.validator.Exclusion":{"alias":["data.validator.exclusion"],"alternates":[]},"Ext.data.validator.Format":{"alias":["data.validator.format"],"alternates":[]},"Ext.data.validator.Inclusion":{"alias":["data.validator.inclusion"],"alternates":[]},"Ext.data.validator.Length":{"alias":["data.validator.length"],"alternates":[]},"Ext.data.validator.List":{"alias":["data.validator.list"],"alternates":[]},"Ext.data.validator.Presence":{"alias":["data.validator.presence"],"alternates":[]},"Ext.data.validator.Range":{"alias":["data.validator.range"],"alternates":[]},"Ext.data.validator.Validator":{"alias":["data.validator.base"],"alternates":[]},"Ext.data.writer.Json":{"alias":["writer.json"],"alternates":["Ext.data.JsonWriter"]},"Ext.data.writer.Writer":{"alias":["writer.base"],"alternates":["Ext.data.DataWriter","Ext.data.Writer"]},"Ext.data.writer.Xml":{"alias":["writer.xml"],"alternates":["Ext.data.XmlWriter"]},"Ext.dd.DD":{"alias":[],"alternates":[]},"Ext.dd.DDProxy":{"alias":[],"alternates":[]},"Ext.dd.DDTarget":{"alias":[],"alternates":[]},"Ext.dd.DragDrop":{"alias":[],"alternates":[]},"Ext.dd.DragDropManager":{"alias":[],"alternates":["Ext.dd.DragDropMgr","Ext.dd.DDM"]},"Ext.dd.DragSource":{"alias":[],"alternates":[]},"Ext.dd.DragTracker":{"alias":[],"alternates":[]},"Ext.dd.DragZone":{"alias":[],"alternates":[]},"Ext.dd.DropTarget":{"alias":[],"alternates":[]},"Ext.dd.DropZone":{"alias":[],"alternates":[]},"Ext.dd.Registry":{"alias":[],"alternates":[]},"Ext.dd.ScrollManager":{"alias":[],"alternates":[]},"Ext.dd.StatusProxy":{"alias":[],"alternates":[]},"Ext.direct.AmfRemotingProvider":{"idx":26,"alias":["direct.amfremotingprovider"],"alternates":[]},"Ext.direct.Event":{"alias":["direct.event"],"alternates":[]},"Ext.direct.ExceptionEvent":{"alias":["direct.exception"],"alternates":[]},"Ext.direct.JsonProvider":{"alias":["direct.jsonprovider"],"alternates":[]},"Ext.direct.Manager":{"alias":[],"alternates":[]},"Ext.direct.PollingProvider":{"alias":["direct.pollingprovider"],"alternates":[]},"Ext.direct.Provider":{"alias":["direct.provider"],"alternates":[]},"Ext.direct.RemotingEvent":{"alias":["direct.rpc"],"alternates":[]},"Ext.direct.RemotingMethod":{"alias":[],"alternates":[]},"Ext.direct.RemotingProvider":{"alias":["direct.remotingprovider"],"alternates":[]},"Ext.direct.Transaction":{"alias":["direct.transaction"],"alternates":[]},"Ext.dom.ButtonElement":{"alias":[],"alternates":[]},"Ext.dom.CompositeElement":{"alias":[],"alternates":["Ext.CompositeElement"]},"Ext.dom.CompositeElementLite":{"alias":[],"alternates":["Ext.CompositeElementLite"]},"Ext.dom.Element":{"alias":[],"alternates":["Ext.Element"]},"Ext.dom.ElementEvent":{"alias":[],"alternates":[]},"Ext.dom.Fly":{"alias":[],"alternates":["Ext.dom.Element.Fly"]},"Ext.dom.GarbageCollector":{"alias":[],"alternates":[]},"Ext.dom.Helper":{"alias":[],"alternates":["Ext.DomHelper","Ext.core.DomHelper"]},"Ext.dom.Layer":{"alias":[],"alternates":["Ext.Layer"]},"Ext.dom.Query":{"alias":[],"alternates":["Ext.core.DomQuery","Ext.DomQuery"]},"Ext.dom.Shadow":{"alias":[],"alternates":["Ext.Shadow"]},"Ext.dom.Shim":{"alias":[],"alternates":[]},"Ext.dom.Underlay":{"alias":[],"alternates":[]},"Ext.dom.UnderlayPool":{"alias":[],"alternates":[]},"Ext.draw.Animator":{"idx":40,"alias":[],"alternates":[]},"Ext.draw.Color":{"idx":29,"alias":[],"alternates":[]},"Ext.draw.Container":{"idx":76,"alias":["widget.draw"],"alternates":["Ext.draw.Component"]},"Ext.draw.ContainerBase":{"idx":27,"alias":[],"alternates":[]},"Ext.draw.Draw":{"idx":31,"alias":[],"alternates":[]},"Ext.draw.LimitedCache":{"idx":136,"alias":[],"alternates":[]},"Ext.draw.Matrix":{"idx":36,"alias":[],"alternates":[]},"Ext.draw.Path":{"idx":44,"alias":[],"alternates":[]},"Ext.draw.PathUtil":{"idx":148,"alias":[],"alternates":[]},"Ext.draw.Point":{"idx":182,"alias":[],"alternates":[]},"Ext.draw.SegmentTree":{"idx":137,"alias":[],"alternates":[]},"Ext.draw.Surface":{"idx":70,"alias":["widget.surface"],"alternates":[]},"Ext.draw.SurfaceBase":{"idx":28,"alias":[],"alternates":[]},"Ext.draw.TextMeasurer":{"idx":64,"alias":[],"alternates":[]},"Ext.draw.TimingFunctions":{"idx":39,"alias":[],"alternates":[]},"Ext.draw.engine.Canvas":{"idx":75,"alias":[],"alternates":[]},"Ext.draw.engine.Svg":{"idx":73,"alias":[],"alternates":[]},"Ext.draw.engine.SvgContext":{"idx":72,"alias":[],"alternates":[]},"Ext.draw.engine.SvgContext.Gradient":{"idx":72,"alias":[],"alternates":[]},"Ext.draw.gradient.Gradient":{"idx":32,"alias":[],"alternates":[]},"Ext.draw.gradient.GradientDefinition":{"idx":33,"alias":[],"alternates":[]},"Ext.draw.gradient.Linear":{"idx":68,"alias":[],"alternates":[]},"Ext.draw.gradient.Radial":{"idx":69,"alias":[],"alternates":[]},"Ext.draw.modifier.Animation":{"idx":41,"alias":["modifier.animation"],"alternates":[]},"Ext.draw.modifier.Highlight":{"idx":42,"alias":["modifier.highlight"],"alternates":[]},"Ext.draw.modifier.Modifier":{"idx":37,"alias":[],"alternates":[]},"Ext.draw.modifier.Target":{"idx":38,"alias":["modifier.target"],"alternates":[]},"Ext.draw.overrides.Path":{"idx":45,"alias":[],"alternates":[]},"Ext.draw.overrides.Surface":{"idx":71,"alias":[],"alternates":[]},"Ext.draw.overrides.sprite.Instancing":{"idx":59,"alias":[],"alternates":[]},"Ext.draw.overrides.sprite.Path":{"idx":47,"alias":[],"alternates":[]},"Ext.draw.plugin.SpriteEvents":{"idx":183,"alias":["plugin.spriteevents"],"alternates":[]},"Ext.draw.sprite.AnimationParser":{"idx":30,"alias":[],"alternates":[]},"Ext.draw.sprite.Arc":{"idx":49,"alias":["sprite.arc"],"alternates":[]},"Ext.draw.sprite.Arrow":{"idx":50,"alias":["sprite.arrow"],"alternates":[]},"Ext.draw.sprite.AttributeDefinition":{"idx":35,"alias":[],"alternates":[]},"Ext.draw.sprite.AttributeParser":{"idx":34,"alias":[],"alternates":[]},"Ext.draw.sprite.Circle":{"idx":48,"alias":["sprite.circle"],"alternates":[]},"Ext.draw.sprite.Composite":{"idx":51,"alias":["sprite.composite"],"alternates":[]},"Ext.draw.sprite.Cross":{"idx":52,"alias":["sprite.cross"],"alternates":[]},"Ext.draw.sprite.Diamond":{"idx":53,"alias":["sprite.diamond"],"alternates":[]},"Ext.draw.sprite.Ellipse":{"idx":54,"alias":["sprite.ellipse"],"alternates":[]},"Ext.draw.sprite.EllipticalArc":{"idx":55,"alias":["sprite.ellipticalArc"],"alternates":[]},"Ext.draw.sprite.Image":{"idx":57,"alias":["sprite.image"],"alternates":[]},"Ext.draw.sprite.Instancing":{"idx":58,"alias":["sprite.instancing"],"alternates":[]},"Ext.draw.sprite.Line":{"idx":60,"alias":["sprite.line"],"alternates":[]},"Ext.draw.sprite.Path":{"idx":46,"alias":["Ext.draw.Sprite","sprite.path"],"alternates":[]},"Ext.draw.sprite.Plus":{"idx":61,"alias":["sprite.plus"],"alternates":[]},"Ext.draw.sprite.Rect":{"idx":56,"alias":["sprite.rect"],"alternates":[]},"Ext.draw.sprite.Sector":{"idx":62,"alias":["sprite.sector"],"alternates":[]},"Ext.draw.sprite.Sprite":{"idx":43,"alias":["sprite.sprite"],"alternates":[]},"Ext.draw.sprite.Square":{"idx":63,"alias":["sprite.square"],"alternates":[]},"Ext.draw.sprite.Text":{"idx":65,"alias":["sprite.text"],"alternates":[]},"Ext.draw.sprite.Tick":{"idx":66,"alias":["sprite.tick"],"alternates":[]},"Ext.draw.sprite.Triangle":{"idx":67,"alias":["sprite.triangle"],"alternates":[]},"Ext.event.Event":{"alias":[],"alternates":["Ext.EventObjectImpl"]},"Ext.event.gesture.DoubleTap":{"alias":[],"alternates":[]},"Ext.event.gesture.Drag":{"alias":[],"alternates":[]},"Ext.event.gesture.EdgeSwipe":{"alias":[],"alternates":[]},"Ext.event.gesture.LongPress":{"alias":[],"alternates":[]},"Ext.event.gesture.MultiTouch":{"alias":[],"alternates":[]},"Ext.event.gesture.Pinch":{"alias":[],"alternates":[]},"Ext.event.gesture.Recognizer":{"alias":[],"alternates":[]},"Ext.event.gesture.Rotate":{"alias":[],"alternates":[]},"Ext.event.gesture.SingleTouch":{"alias":[],"alternates":[]},"Ext.event.gesture.Swipe":{"alias":[],"alternates":[]},"Ext.event.gesture.Tap":{"alias":[],"alternates":[]},"Ext.event.publisher.Dom":{"alias":[],"alternates":[]},"Ext.event.publisher.ElementPaint":{"alias":[],"alternates":[]},"Ext.event.publisher.ElementSize":{"alias":[],"alternates":[]},"Ext.event.publisher.Focus":{"alias":[],"alternates":[]},"Ext.event.publisher.Gesture":{"alias":[],"alternates":[]},"Ext.event.publisher.MouseEnterLeave":{"alias":[],"alternates":[]},"Ext.event.publisher.Publisher":{"alias":[],"alternates":[]},"Ext.flash.Component":{"alias":["widget.flash"],"alternates":["Ext.FlashComponent"]},"Ext.form.Basic":{"alias":[],"alternates":["Ext.form.BasicForm"]},"Ext.form.CheckboxGroup":{"alias":["widget.checkboxgroup"],"alternates":[]},"Ext.form.CheckboxManager":{"alias":[],"alternates":[]},"Ext.form.FieldAncestor":{"alias":[],"alternates":[]},"Ext.form.FieldContainer":{"alias":["widget.fieldcontainer"],"alternates":[]},"Ext.form.FieldSet":{"alias":["widget.fieldset"],"alternates":[]},"Ext.form.Label":{"alias":["widget.label"],"alternates":[]},"Ext.form.Labelable":{"alias":[],"alternates":[]},"Ext.form.Panel":{"alias":["widget.form"],"alternates":["Ext.FormPanel","Ext.form.FormPanel"]},"Ext.form.RadioGroup":{"alias":["widget.radiogroup"],"alternates":[]},"Ext.form.RadioManager":{"alias":[],"alternates":[]},"Ext.form.action.Action":{"alias":[],"alternates":["Ext.form.Action"]},"Ext.form.action.DirectAction":{"alias":[],"alternates":[]},"Ext.form.action.DirectLoad":{"alias":["formaction.directload"],"alternates":["Ext.form.Action.DirectLoad"]},"Ext.form.action.DirectSubmit":{"alias":["formaction.directsubmit"],"alternates":["Ext.form.Action.DirectSubmit"]},"Ext.form.action.Load":{"alias":["formaction.load"],"alternates":["Ext.form.Action.Load"]},"Ext.form.action.StandardSubmit":{"alias":["formaction.standardsubmit"],"alternates":[]},"Ext.form.action.Submit":{"alias":["formaction.submit"],"alternates":["Ext.form.Action.Submit"]},"Ext.form.field.Base":{"alias":["widget.field"],"alternates":["Ext.form.Field","Ext.form.BaseField"]},"Ext.form.field.Checkbox":{"alias":["widget.checkbox","widget.checkboxfield"],"alternates":["Ext.form.Checkbox"]},"Ext.form.field.ComboBox":{"alias":["widget.combo","widget.combobox"],"alternates":["Ext.form.ComboBox"]},"Ext.form.field.Date":{"alias":["widget.datefield"],"alternates":["Ext.form.DateField","Ext.form.Date"]},"Ext.form.field.Display":{"alias":["widget.displayfield"],"alternates":["Ext.form.DisplayField","Ext.form.Display"]},"Ext.form.field.Field":{"alias":[],"alternates":[]},"Ext.form.field.File":{"alias":["widget.filefield","widget.fileuploadfield"],"alternates":["Ext.form.FileUploadField","Ext.ux.form.FileUploadField","Ext.form.File"]},"Ext.form.field.FileButton":{"alias":["widget.filebutton"],"alternates":[]},"Ext.form.field.Hidden":{"alias":["widget.hidden","widget.hiddenfield"],"alternates":["Ext.form.Hidden"]},"Ext.form.field.HtmlEditor":{"alias":["widget.htmleditor"],"alternates":["Ext.form.HtmlEditor"]},"Ext.form.field.Number":{"alias":["widget.numberfield"],"alternates":["Ext.form.NumberField","Ext.form.Number"]},"Ext.form.field.Picker":{"alias":["widget.pickerfield"],"alternates":["Ext.form.Picker"]},"Ext.form.field.Radio":{"alias":["widget.radio","widget.radiofield"],"alternates":["Ext.form.Radio"]},"Ext.form.field.Spinner":{"alias":["widget.spinnerfield"],"alternates":["Ext.form.Spinner"]},"Ext.form.field.Tag":{"alias":["widget.tagfield"],"alternates":[]},"Ext.form.field.Text":{"alias":["widget.textfield"],"alternates":["Ext.form.TextField","Ext.form.Text"]},"Ext.form.field.TextArea":{"alias":["widget.textarea","widget.textareafield"],"alternates":["Ext.form.TextArea"]},"Ext.form.field.Time":{"alias":["widget.timefield"],"alternates":["Ext.form.TimeField","Ext.form.Time"]},"Ext.form.field.Trigger":{"alias":["widget.trigger","widget.triggerfield"],"alternates":["Ext.form.TriggerField","Ext.form.TwinTriggerField","Ext.form.Trigger"]},"Ext.form.field.VTypes":{"alias":[],"alternates":["Ext.form.VTypes"]},"Ext.form.trigger.Component":{"alias":["trigger.component"],"alternates":[]},"Ext.form.trigger.Spinner":{"alias":["trigger.spinner"],"alternates":[]},"Ext.form.trigger.Trigger":{"alias":["trigger.trigger"],"alternates":[]},"Ext.fx.Anim":{"alias":[],"alternates":[]},"Ext.fx.Animation":{"alias":[],"alternates":[]},"Ext.fx.Animator":{"alias":[],"alternates":[]},"Ext.fx.CubicBezier":{"alias":[],"alternates":[]},"Ext.fx.DrawPath":{"alias":[],"alternates":[]},"Ext.fx.Easing":{"alias":[],"alternates":[]},"Ext.fx.Manager":{"alias":[],"alternates":[]},"Ext.fx.PropertyHandler":{"alias":[],"alternates":[]},"Ext.fx.Queue":{"alias":[],"alternates":[]},"Ext.fx.Runner":{"alias":[],"alternates":[]},"Ext.fx.State":{"alias":[],"alternates":[]},"Ext.fx.animation.Abstract":{"alias":[],"alternates":[]},"Ext.fx.animation.Cube":{"alias":["animation.cube"],"alternates":[]},"Ext.fx.animation.Fade":{"alias":["animation.fade","animation.fadeIn"],"alternates":["Ext.fx.animation.FadeIn"]},"Ext.fx.animation.FadeOut":{"alias":["animation.fadeOut"],"alternates":[]},"Ext.fx.animation.Flip":{"alias":["animation.flip"],"alternates":[]},"Ext.fx.animation.Pop":{"alias":["animation.pop","animation.popIn"],"alternates":["Ext.fx.animation.PopIn"]},"Ext.fx.animation.PopOut":{"alias":["animation.popOut"],"alternates":[]},"Ext.fx.animation.Slide":{"alias":["animation.slide","animation.slideIn"],"alternates":["Ext.fx.animation.SlideIn"]},"Ext.fx.animation.SlideOut":{"alias":["animation.slideOut"],"alternates":[]},"Ext.fx.animation.Wipe":{"alias":[],"alternates":["Ext.fx.animation.WipeIn"]},"Ext.fx.animation.WipeOut":{"alias":[],"alternates":[]},"Ext.fx.easing.Abstract":{"alias":[],"alternates":[]},"Ext.fx.easing.Bounce":{"alias":[],"alternates":[]},"Ext.fx.easing.BoundMomentum":{"alias":[],"alternates":[]},"Ext.fx.easing.EaseIn":{"alias":["easing.ease-in"],"alternates":[]},"Ext.fx.easing.EaseOut":{"alias":["easing.ease-out"],"alternates":[]},"Ext.fx.easing.Easing":{"alias":[],"alternates":[]},"Ext.fx.easing.Linear":{"alias":["easing.linear"],"alternates":[]},"Ext.fx.easing.Momentum":{"alias":[],"alternates":[]},"Ext.fx.layout.Card":{"alias":[],"alternates":[]},"Ext.fx.layout.card.Abstract":{"alias":[],"alternates":[]},"Ext.fx.layout.card.Cover":{"alias":["fx.layout.card.cover"],"alternates":[]},"Ext.fx.layout.card.Cube":{"alias":["fx.layout.card.cube"],"alternates":[]},"Ext.fx.layout.card.Fade":{"alias":["fx.layout.card.fade"],"alternates":[]},"Ext.fx.layout.card.Flip":{"alias":["fx.layout.card.flip"],"alternates":[]},"Ext.fx.layout.card.Pop":{"alias":["fx.layout.card.pop"],"alternates":[]},"Ext.fx.layout.card.Reveal":{"alias":["fx.layout.card.reveal"],"alternates":[]},"Ext.fx.layout.card.Scroll":{"alias":["fx.layout.card.scroll"],"alternates":[]},"Ext.fx.layout.card.ScrollCover":{"alias":["fx.layout.card.scrollcover"],"alternates":[]},"Ext.fx.layout.card.ScrollReveal":{"alias":["fx.layout.card.scrollreveal"],"alternates":[]},"Ext.fx.layout.card.Slide":{"alias":["fx.layout.card.slide"],"alternates":[]},"Ext.fx.layout.card.Style":{"alias":[],"alternates":[]},"Ext.fx.runner.Css":{"alias":[],"alternates":[]},"Ext.fx.runner.CssAnimation":{"alias":[],"alternates":[]},"Ext.fx.runner.CssTransition":{"alias":[],"alternates":["Ext.Animator"]},"Ext.fx.target.Component":{"alias":[],"alternates":[]},"Ext.fx.target.CompositeElement":{"alias":[],"alternates":[]},"Ext.fx.target.CompositeElementCSS":{"alias":[],"alternates":[]},"Ext.fx.target.CompositeSprite":{"alias":[],"alternates":[]},"Ext.fx.target.Element":{"alias":[],"alternates":[]},"Ext.fx.target.ElementCSS":{"alias":[],"alternates":[]},"Ext.fx.target.Sprite":{"alias":[],"alternates":[]},"Ext.fx.target.Target":{"alias":[],"alternates":[]},"Ext.grid.CellContext":{"alias":[],"alternates":[]},"Ext.grid.CellEditor":{"alias":[],"alternates":[]},"Ext.grid.ColumnComponentLayout":{"alias":["layout.columncomponent"],"alternates":[]},"Ext.grid.ColumnLayout":{"alias":["layout.gridcolumn"],"alternates":[]},"Ext.grid.ColumnManager":{"alias":[],"alternates":["Ext.grid.ColumnModel"]},"Ext.grid.NavigationModel":{"alias":["view.navigation.grid"],"alternates":[]},"Ext.grid.Panel":{"alias":["widget.grid","widget.gridpanel"],"alternates":["Ext.list.ListView","Ext.ListView","Ext.grid.GridPanel"]},"Ext.grid.RowEditor":{"alias":["widget.roweditor"],"alternates":[]},"Ext.grid.RowEditorButtons":{"alias":["widget.roweditorbuttons"],"alternates":[]},"Ext.grid.ViewDropZone":{"alias":[],"alternates":[]},"Ext.grid.column.Action":{"alias":["widget.actioncolumn"],"alternates":["Ext.grid.ActionColumn"]},"Ext.grid.column.Boolean":{"alias":["widget.booleancolumn"],"alternates":["Ext.grid.BooleanColumn"]},"Ext.grid.column.Check":{"alias":["widget.checkcolumn"],"alternates":["Ext.ux.CheckColumn","Ext.grid.column.CheckColumn"]},"Ext.grid.column.Column":{"alias":["widget.gridcolumn"],"alternates":["Ext.grid.Column"]},"Ext.grid.column.Date":{"alias":["widget.datecolumn"],"alternates":["Ext.grid.DateColumn"]},"Ext.grid.column.Number":{"alias":["widget.numbercolumn"],"alternates":["Ext.grid.NumberColumn"]},"Ext.grid.column.RowNumberer":{"alias":["widget.rownumberer"],"alternates":["Ext.grid.RowNumberer"]},"Ext.grid.column.Template":{"alias":["widget.templatecolumn"],"alternates":["Ext.grid.TemplateColumn"]},"Ext.grid.column.Widget":{"alias":["widget.widgetcolumn"],"alternates":[]},"Ext.grid.feature.AbstractSummary":{"alias":["feature.abstractsummary"],"alternates":[]},"Ext.grid.feature.Feature":{"alias":["feature.feature"],"alternates":[]},"Ext.grid.feature.GroupStore":{"alias":[],"alternates":[]},"Ext.grid.feature.Grouping":{"alias":["feature.grouping"],"alternates":[]},"Ext.grid.feature.GroupingSummary":{"alias":["feature.groupingsummary"],"alternates":[]},"Ext.grid.feature.RowBody":{"alias":["feature.rowbody"],"alternates":[]},"Ext.grid.feature.Summary":{"alias":["feature.summary"],"alternates":[]},"Ext.grid.filters.Filters":{"alias":["plugin.gridfilters"],"alternates":[]},"Ext.grid.filters.filter.Base":{"alias":[],"alternates":[]},"Ext.grid.filters.filter.Boolean":{"alias":["grid.filter.boolean"],"alternates":[]},"Ext.grid.filters.filter.Date":{"alias":["grid.filter.date"],"alternates":[]},"Ext.grid.filters.filter.List":{"alias":["grid.filter.list"],"alternates":[]},"Ext.grid.filters.filter.Number":{"alias":["grid.filter.number","grid.filter.numeric"],"alternates":[]},"Ext.grid.filters.filter.SingleFilter":{"alias":[],"alternates":[]},"Ext.grid.filters.filter.String":{"alias":["grid.filter.string"],"alternates":[]},"Ext.grid.filters.filter.TriFilter":{"alias":[],"alternates":[]},"Ext.grid.header.Container":{"alias":["widget.headercontainer"],"alternates":[]},"Ext.grid.header.DragZone":{"alias":[],"alternates":[]},"Ext.grid.header.DropZone":{"alias":[],"alternates":[]},"Ext.grid.locking.HeaderContainer":{"alias":[],"alternates":[]},"Ext.grid.locking.Lockable":{"alias":[],"alternates":["Ext.grid.Lockable"]},"Ext.grid.locking.RowSynchronizer":{"alias":[],"alternates":[]},"Ext.grid.locking.View":{"alias":[],"alternates":["Ext.grid.LockingView"]},"Ext.grid.plugin.BufferedRenderer":{"alias":["plugin.bufferedrenderer"],"alternates":[]},"Ext.grid.plugin.CellEditing":{"alias":["plugin.cellediting"],"alternates":[]},"Ext.grid.plugin.Clipboard":{"alias":["plugin.clipboard"],"alternates":[]},"Ext.grid.plugin.DragDrop":{"alias":["plugin.gridviewdragdrop"],"alternates":[]},"Ext.grid.plugin.Editing":{"alias":["editing.editing"],"alternates":[]},"Ext.grid.plugin.HeaderReorderer":{"alias":["plugin.gridheaderreorderer"],"alternates":[]},"Ext.grid.plugin.HeaderResizer":{"alias":["plugin.gridheaderresizer"],"alternates":[]},"Ext.grid.plugin.RowEditing":{"alias":["plugin.rowediting"],"alternates":[]},"Ext.grid.plugin.RowExpander":{"alias":["plugin.rowexpander"],"alternates":[]},"Ext.grid.property.Grid":{"alias":["widget.propertygrid"],"alternates":["Ext.grid.PropertyGrid"]},"Ext.grid.property.HeaderContainer":{"alias":[],"alternates":["Ext.grid.PropertyColumnModel"]},"Ext.grid.property.Property":{"alias":[],"alternates":["Ext.PropGridProperty"]},"Ext.grid.property.Reader":{"alias":[],"alternates":[]},"Ext.grid.property.Store":{"alias":[],"alternates":["Ext.grid.PropertyStore"]},"Ext.grid.selection.Cells":{"alias":[],"alternates":[]},"Ext.grid.selection.Columns":{"alias":[],"alternates":[]},"Ext.grid.selection.Replicator":{"alias":["plugin.selectionreplicator"],"alternates":[]},"Ext.grid.selection.Rows":{"alias":[],"alternates":[]},"Ext.grid.selection.Selection":{"alias":[],"alternates":[]},"Ext.grid.selection.SelectionExtender":{"alias":[],"alternates":[]},"Ext.grid.selection.SpreadsheetModel":{"alias":["selection.spreadsheet"],"alternates":[]},"Ext.layout.Context":{"alias":[],"alternates":[]},"Ext.layout.ContextItem":{"alias":[],"alternates":[]},"Ext.layout.Layout":{"alias":[],"alternates":[]},"Ext.layout.SizeModel":{"alias":[],"alternates":[]},"Ext.layout.component.Auto":{"alias":["layout.autocomponent"],"alternates":[]},"Ext.layout.component.Body":{"alias":["layout.body"],"alternates":[]},"Ext.layout.component.BoundList":{"alias":["layout.boundlist"],"alternates":[]},"Ext.layout.component.Component":{"alias":[],"alternates":[]},"Ext.layout.component.Dock":{"alias":["layout.dock"],"alternates":["Ext.layout.component.AbstractDock"]},"Ext.layout.component.FieldSet":{"alias":["layout.fieldset"],"alternates":[]},"Ext.layout.component.ProgressBar":{"alias":["layout.progressbar"],"alternates":[]},"Ext.layout.component.field.FieldContainer":{"alias":["layout.fieldcontainer"],"alternates":[]},"Ext.layout.component.field.HtmlEditor":{"alias":["layout.htmleditor"],"alternates":[]},"Ext.layout.container.Absolute":{"alias":["layout.absolute"],"alternates":["Ext.layout.AbsoluteLayout"]},"Ext.layout.container.Accordion":{"alias":["layout.accordion"],"alternates":["Ext.layout.AccordionLayout"]},"Ext.layout.container.Anchor":{"alias":["layout.anchor"],"alternates":["Ext.layout.AnchorLayout"]},"Ext.layout.container.Auto":{"alias":["layout.auto","layout.autocontainer"],"alternates":[]},"Ext.layout.container.Border":{"alias":["layout.border"],"alternates":["Ext.layout.BorderLayout"]},"Ext.layout.container.Box":{"alias":["layout.box"],"alternates":["Ext.layout.BoxLayout"]},"Ext.layout.container.Card":{"alias":["layout.card"],"alternates":["Ext.layout.CardLayout"]},"Ext.layout.container.Center":{"alias":["layout.center","layout.ux.center"],"alternates":["Ext.ux.layout.Center"]},"Ext.layout.container.CheckboxGroup":{"alias":["layout.checkboxgroup"],"alternates":[]},"Ext.layout.container.Column":{"alias":["layout.column"],"alternates":["Ext.layout.ColumnLayout"]},"Ext.layout.container.ColumnSplitter":{"alias":["widget.columnsplitter"],"alternates":[]},"Ext.layout.container.ColumnSplitterTracker":{"alias":[],"alternates":[]},"Ext.layout.container.Container":{"alias":["layout.container"],"alternates":["Ext.layout.ContainerLayout"]},"Ext.layout.container.Dashboard":{"alias":["layout.dashboard"],"alternates":[]},"Ext.layout.container.Editor":{"alias":["layout.editor"],"alternates":[]},"Ext.layout.container.Fit":{"alias":["layout.fit"],"alternates":["Ext.layout.FitLayout"]},"Ext.layout.container.Form":{"alias":["layout.form"],"alternates":["Ext.layout.FormLayout"]},"Ext.layout.container.HBox":{"alias":["layout.hbox"],"alternates":["Ext.layout.HBoxLayout"]},"Ext.layout.container.SegmentedButton":{"alias":["layout.segmentedbutton"],"alternates":[]},"Ext.layout.container.Table":{"alias":["layout.table"],"alternates":["Ext.layout.TableLayout"]},"Ext.layout.container.VBox":{"alias":["layout.vbox"],"alternates":["Ext.layout.VBoxLayout"]},"Ext.layout.container.border.Region":{"alias":[],"alternates":[]},"Ext.layout.container.boxOverflow.Menu":{"alias":["box.overflow.Menu","box.overflow.menu"],"alternates":["Ext.layout.boxOverflow.Menu"]},"Ext.layout.container.boxOverflow.None":{"alias":["box.overflow.None","box.overflow.none"],"alternates":["Ext.layout.boxOverflow.None"]},"Ext.layout.container.boxOverflow.Scroller":{"alias":["box.overflow.Scroller","box.overflow.scroller"],"alternates":["Ext.layout.boxOverflow.Scroller"]},"Ext.list.AbstractTreeItem":{"alias":[],"alternates":[]},"Ext.list.RootTreeItem":{"alias":[],"alternates":[]},"Ext.list.Tree":{"alias":["widget.treelist"],"alternates":[]},"Ext.list.TreeItem":{"alias":["widget.treelistitem"],"alternates":[]},"Ext.menu.CheckItem":{"alias":["widget.menucheckitem"],"alternates":[]},"Ext.menu.ColorPicker":{"alias":["widget.colormenu"],"alternates":[]},"Ext.menu.DatePicker":{"alias":["widget.datemenu"],"alternates":[]},"Ext.menu.Item":{"alias":["widget.menuitem"],"alternates":["Ext.menu.TextItem"]},"Ext.menu.Manager":{"alias":[],"alternates":["Ext.menu.MenuMgr"]},"Ext.menu.Menu":{"alias":["widget.menu"],"alternates":[]},"Ext.menu.Separator":{"alias":["widget.menuseparator"],"alternates":[]},"Ext.mixin.Accessible":{"alias":[],"alternates":[]},"Ext.mixin.Bindable":{"alias":[],"alternates":[]},"Ext.mixin.ComponentDelegation":{"alias":[],"alternates":[]},"Ext.mixin.Container":{"alias":[],"alternates":[]},"Ext.mixin.Factoryable":{"alias":[],"alternates":[]},"Ext.mixin.Hookable":{"alias":[],"alternates":[]},"Ext.mixin.Identifiable":{"alias":[],"alternates":[]},"Ext.mixin.Inheritable":{"alias":[],"alternates":[]},"Ext.mixin.Mashup":{"alias":[],"alternates":[]},"Ext.mixin.Observable":{"alias":[],"alternates":[]},"Ext.mixin.Queryable":{"alias":[],"alternates":[]},"Ext.mixin.Responsive":{"alias":[],"alternates":[]},"Ext.mixin.Selectable":{"alias":[],"alternates":[]},"Ext.mixin.Templatable":{"alias":[],"alternates":[]},"Ext.mixin.Traversable":{"alias":[],"alternates":[]},"Ext.overrides.GlobalEvents":{"alias":[],"alternates":[]},"Ext.overrides.Progress":{"alias":[],"alternates":[]},"Ext.overrides.Widget":{"alias":[],"alternates":[]},"Ext.overrides.app.Application":{"alias":[],"alternates":[]},"Ext.overrides.app.domain.Component":{"alias":[],"alternates":[]},"Ext.overrides.dom.Element":{"alias":[],"alternates":[]},"Ext.overrides.dom.Helper":{"alias":[],"alternates":[]},"Ext.overrides.event.Event":{"alias":[],"alternates":[]},"Ext.overrides.event.publisher.Dom":{"alias":[],"alternates":[]},"Ext.overrides.event.publisher.Gesture":{"alias":[],"alternates":[]},"Ext.overrides.list.TreeItem":{"alias":[],"alternates":[]},"Ext.overrides.plugin.Abstract":{"alias":[],"alternates":[]},"Ext.overrides.util.Positionable":{"alias":[],"alternates":[]},"Ext.panel.Bar":{"alias":[],"alternates":[]},"Ext.panel.DD":{"alias":[],"alternates":[]},"Ext.panel.Header":{"alias":["widget.header"],"alternates":[]},"Ext.panel.Panel":{"alias":["widget.panel"],"alternates":["Ext.Panel"]},"Ext.panel.Pinnable":{"alias":[],"alternates":[]},"Ext.panel.Proxy":{"alias":[],"alternates":["Ext.dd.PanelProxy"]},"Ext.panel.Table":{"alias":["widget.tablepanel"],"alternates":[]},"Ext.panel.Title":{"alias":["widget.title"],"alternates":[]},"Ext.panel.Tool":{"alias":["widget.tool"],"alternates":[]},"Ext.perf.Accumulator":{"alias":[],"alternates":[]},"Ext.perf.Monitor":{"alias":[],"alternates":["Ext.Perf"]},"Ext.picker.Color":{"alias":["widget.colorpicker"],"alternates":["Ext.ColorPalette"]},"Ext.picker.Date":{"alias":["widget.datepicker"],"alternates":["Ext.DatePicker"]},"Ext.picker.Month":{"alias":["widget.monthpicker"],"alternates":["Ext.MonthPicker"]},"Ext.picker.Time":{"alias":["widget.timepicker"],"alternates":[]},"Ext.plugin.Abstract":{"alias":[],"alternates":["Ext.AbstractPlugin"]},"Ext.plugin.AbstractClipboard":{"alias":[],"alternates":[]},"Ext.plugin.LazyItems":{"alias":["plugin.lazyitems"],"alternates":[]},"Ext.plugin.Manager":{"alias":[],"alternates":["Ext.PluginManager","Ext.PluginMgr"]},"Ext.plugin.Responsive":{"alias":["plugin.responsive"],"alternates":[]},"Ext.plugin.Viewport":{"alias":["plugin.viewport"],"alternates":[]},"Ext.promise.Consequence":{"alias":[],"alternates":[]},"Ext.promise.Deferred":{"alias":[],"alternates":[]},"Ext.promise.Promise":{"alias":[],"alternates":[]},"Ext.resizer.BorderSplitter":{"alias":["widget.bordersplitter"],"alternates":[]},"Ext.resizer.BorderSplitterTracker":{"alias":[],"alternates":[]},"Ext.resizer.Handle":{"alias":[],"alternates":[]},"Ext.resizer.ResizeTracker":{"alias":[],"alternates":[]},"Ext.resizer.Resizer":{"alias":[],"alternates":["Ext.Resizable"]},"Ext.resizer.Splitter":{"alias":["widget.splitter"],"alternates":[]},"Ext.resizer.SplitterTracker":{"alias":[],"alternates":[]},"Ext.rtl.Component":{"alias":[],"alternates":[]},"Ext.rtl.button.Button":{"alias":[],"alternates":[]},"Ext.rtl.button.Segmented":{"alias":[],"alternates":[]},"Ext.rtl.dd.DD":{"alias":[],"alternates":[]},"Ext.rtl.dom.Element":{"alias":[],"alternates":[]},"Ext.rtl.event.Event":{"alias":[],"alternates":[]},"Ext.rtl.form.Labelable":{"alias":[],"alternates":[]},"Ext.rtl.form.field.File":{"alias":[],"alternates":[]},"Ext.rtl.form.field.FileButton":{"alias":[],"alternates":[]},"Ext.rtl.form.field.Tag":{"alias":[],"alternates":[]},"Ext.rtl.grid.CellEditor":{"alias":[],"alternates":[]},"Ext.rtl.grid.ColumnLayout":{"alias":[],"alternates":[]},"Ext.rtl.grid.NavigationModel":{"alias":[],"alternates":[]},"Ext.rtl.grid.column.Column":{"alias":[],"alternates":[]},"Ext.rtl.grid.plugin.BufferedRenderer":{"alias":[],"alternates":[]},"Ext.rtl.grid.plugin.HeaderResizer":{"alias":[],"alternates":[]},"Ext.rtl.grid.plugin.RowEditing":{"alias":[],"alternates":[]},"Ext.rtl.layout.ContextItem":{"alias":[],"alternates":[]},"Ext.rtl.layout.component.Dock":{"alias":[],"alternates":[]},"Ext.rtl.layout.container.Absolute":{"alias":[],"alternates":[]},"Ext.rtl.layout.container.Border":{"alias":[],"alternates":[]},"Ext.rtl.layout.container.Box":{"alias":[],"alternates":[]},"Ext.rtl.layout.container.Column":{"alias":[],"alternates":[]},"Ext.rtl.layout.container.HBox":{"alias":[],"alternates":[]},"Ext.rtl.layout.container.VBox":{"alias":[],"alternates":[]},"Ext.rtl.layout.container.boxOverflow.Menu":{"alias":[],"alternates":[]},"Ext.rtl.layout.container.boxOverflow.Scroller":{"alias":[],"alternates":[]},"Ext.rtl.panel.Bar":{"alias":[],"alternates":[]},"Ext.rtl.panel.Panel":{"alias":[],"alternates":[]},"Ext.rtl.panel.Title":{"alias":[],"alternates":[]},"Ext.rtl.resizer.BorderSplitterTracker":{"alias":[],"alternates":[]},"Ext.rtl.resizer.ResizeTracker":{"alias":[],"alternates":[]},"Ext.rtl.resizer.SplitterTracker":{"alias":[],"alternates":[]},"Ext.rtl.scroll.DomScroller":{"alias":[],"alternates":[]},"Ext.rtl.scroll.Indicator":{"alias":[],"alternates":[]},"Ext.rtl.scroll.Scroller":{"alias":[],"alternates":[]},"Ext.rtl.scroll.TouchScroller":{"alias":[],"alternates":[]},"Ext.rtl.slider.Multi":{"alias":[],"alternates":[]},"Ext.rtl.tab.Bar":{"alias":[],"alternates":[]},"Ext.rtl.tip.QuickTipManager":{"alias":[],"alternates":[]},"Ext.rtl.tree.Column":{"alias":[],"alternates":[]},"Ext.rtl.util.FocusableContainer":{"alias":[],"alternates":[]},"Ext.rtl.util.Renderable":{"alias":[],"alternates":[]},"Ext.rtl.view.NavigationModel":{"alias":[],"alternates":[]},"Ext.rtl.view.Table":{"alias":[],"alternates":[]},"Ext.scroll.DomScroller":{"alias":["scroller.dom"],"alternates":[]},"Ext.scroll.Indicator":{"alias":["widget.scrollindicator"],"alternates":[]},"Ext.scroll.Scroller":{"alias":["scroller.scroller"],"alternates":[]},"Ext.scroll.TouchScroller":{"alias":["scroller.touch"],"alternates":[]},"Ext.selection.CellModel":{"alias":["selection.cellmodel"],"alternates":[]},"Ext.selection.CheckboxModel":{"alias":["selection.checkboxmodel"],"alternates":[]},"Ext.selection.DataViewModel":{"alias":["selection.dataviewmodel"],"alternates":[]},"Ext.selection.Model":{"alias":["selection.abstract"],"alternates":["Ext.AbstractSelectionModel"]},"Ext.selection.RowModel":{"alias":["selection.rowmodel"],"alternates":[]},"Ext.selection.TreeModel":{"alias":["selection.treemodel"],"alternates":[]},"Ext.slider.Multi":{"alias":["widget.multislider"],"alternates":["Ext.slider.MultiSlider"]},"Ext.slider.Single":{"alias":["widget.slider","widget.sliderfield"],"alternates":["Ext.Slider","Ext.form.SliderField","Ext.slider.SingleSlider","Ext.slider.Slider"]},"Ext.slider.Thumb":{"alias":[],"alternates":[]},"Ext.slider.Tip":{"alias":["widget.slidertip"],"alternates":[]},"Ext.slider.Widget":{"alias":["widget.sliderwidget"],"alternates":[]},"Ext.sparkline.Bar":{"alias":["widget.sparklinebar"],"alternates":[]},"Ext.sparkline.BarBase":{"alias":[],"alternates":[]},"Ext.sparkline.Base":{"alias":[],"alternates":[]},"Ext.sparkline.Box":{"alias":["widget.sparklinebox"],"alternates":[]},"Ext.sparkline.Bullet":{"alias":["widget.sparklinebullet"],"alternates":[]},"Ext.sparkline.CanvasBase":{"alias":[],"alternates":[]},"Ext.sparkline.CanvasCanvas":{"alias":[],"alternates":[]},"Ext.sparkline.Discrete":{"alias":["widget.sparklinediscrete"],"alternates":[]},"Ext.sparkline.Line":{"alias":["widget.sparklineline"],"alternates":[]},"Ext.sparkline.Pie":{"alias":["widget.sparklinepie"],"alternates":[]},"Ext.sparkline.RangeMap":{"alias":[],"alternates":[]},"Ext.sparkline.Shape":{"alias":[],"alternates":[]},"Ext.sparkline.TriState":{"alias":["widget.sparklinetristate"],"alternates":[]},"Ext.sparkline.VmlCanvas":{"alias":[],"alternates":[]},"Ext.state.CookieProvider":{"alias":[],"alternates":[]},"Ext.state.LocalStorageProvider":{"alias":["state.localstorage"],"alternates":[]},"Ext.state.Manager":{"alias":[],"alternates":[]},"Ext.state.Provider":{"alias":[],"alternates":[]},"Ext.state.Stateful":{"alias":[],"alternates":[]},"Ext.tab.Bar":{"alias":["widget.tabbar"],"alternates":[]},"Ext.tab.Panel":{"alias":["widget.tabpanel"],"alternates":["Ext.TabPanel"]},"Ext.tab.Tab":{"alias":["widget.tab"],"alternates":[]},"Ext.theme.neptune.Component":{"idx":5,"alias":[],"alternates":[]},"Ext.theme.neptune.container.ButtonGroup":{"idx":10,"alias":[],"alternates":[]},"Ext.theme.neptune.form.field.HtmlEditor":{"idx":13,"alias":[],"alternates":[]},"Ext.theme.neptune.grid.RowEditor":{"idx":15,"alias":[],"alternates":[]},"Ext.theme.neptune.grid.column.RowNumberer":{"idx":16,"alias":[],"alternates":[]},"Ext.theme.neptune.layout.component.Dock":{"idx":8,"alias":[],"alternates":[]},"Ext.theme.neptune.menu.Menu":{"idx":18,"alias":[],"alternates":[]},"Ext.theme.neptune.menu.Separator":{"idx":17,"alias":[],"alternates":[]},"Ext.theme.neptune.panel.Panel":{"idx":9,"alias":[],"alternates":[]},"Ext.theme.neptune.panel.Table":{"idx":14,"alias":[],"alternates":[]},"Ext.theme.neptune.picker.Month":{"idx":12,"alias":[],"alternates":[]},"Ext.theme.neptune.resizer.Splitter":{"idx":6,"alias":[],"alternates":[]},"Ext.theme.neptune.toolbar.Paging":{"idx":11,"alias":[],"alternates":[]},"Ext.theme.neptune.toolbar.Toolbar":{"idx":7,"alias":[],"alternates":[]},"Ext.tip.QuickTip":{"alias":["widget.quicktip"],"alternates":["Ext.QuickTip"]},"Ext.tip.QuickTipManager":{"alias":[],"alternates":["Ext.QuickTips"]},"Ext.tip.Tip":{"alias":["widget.tip"],"alternates":["Ext.Tip"]},"Ext.tip.ToolTip":{"alias":["widget.tooltip"],"alternates":["Ext.ToolTip"]},"Ext.toolbar.Breadcrumb":{"alias":["widget.breadcrumb"],"alternates":[]},"Ext.toolbar.Fill":{"alias":["widget.tbfill"],"alternates":["Ext.Toolbar.Fill"]},"Ext.toolbar.Item":{"alias":["widget.tbitem"],"alternates":["Ext.Toolbar.Item"]},"Ext.toolbar.Paging":{"alias":["widget.pagingtoolbar"],"alternates":["Ext.PagingToolbar"]},"Ext.toolbar.Separator":{"alias":["widget.tbseparator"],"alternates":["Ext.Toolbar.Separator"]},"Ext.toolbar.Spacer":{"alias":["widget.tbspacer"],"alternates":["Ext.Toolbar.Spacer"]},"Ext.toolbar.TextItem":{"alias":["widget.tbtext"],"alternates":["Ext.Toolbar.TextItem"]},"Ext.toolbar.Toolbar":{"alias":["widget.toolbar"],"alternates":["Ext.Toolbar"]},"Ext.tree.Column":{"alias":["widget.treecolumn"],"alternates":[]},"Ext.tree.NavigationModel":{"alias":["view.navigation.tree"],"alternates":[]},"Ext.tree.Panel":{"alias":["widget.treepanel"],"alternates":["Ext.tree.TreePanel","Ext.TreePanel"]},"Ext.tree.View":{"alias":["widget.treeview"],"alternates":[]},"Ext.tree.ViewDragZone":{"alias":[],"alternates":[]},"Ext.tree.ViewDropZone":{"alias":[],"alternates":[]},"Ext.tree.plugin.TreeViewDragDrop":{"alias":["plugin.treeviewdragdrop"],"alternates":[]},"Ext.util.AbstractMixedCollection":{"alias":[],"alternates":[]},"Ext.util.Animate":{"alias":[],"alternates":[]},"Ext.util.Bag":{"alias":[],"alternates":[]},"Ext.util.Base64":{"alias":[],"alternates":[]},"Ext.util.CSS":{"alias":[],"alternates":[]},"Ext.util.CSV":{"alias":[],"alternates":[]},"Ext.util.ClickRepeater":{"alias":[],"alternates":[]},"Ext.util.Collection":{"alias":[],"alternates":[]},"Ext.util.CollectionKey":{"alias":[],"alternates":[]},"Ext.util.ComponentDragger":{"alias":[],"alternates":[]},"Ext.util.Cookies":{"alias":[],"alternates":[]},"Ext.util.DelimitedValue":{"alias":[],"alternates":[]},"Ext.util.ElementContainer":{"alias":[],"alternates":[]},"Ext.util.Event":{"alias":[],"alternates":[]},"Ext.util.Filter":{"alias":[],"alternates":[]},"Ext.util.FilterCollection":{"alias":[],"alternates":[]},"Ext.util.Floating":{"alias":[],"alternates":[]},"Ext.util.FocusTrap":{"alias":[],"alternates":[]},"Ext.util.Focusable":{"alias":[],"alternates":[]},"Ext.util.FocusableContainer":{"alias":[],"alternates":[]},"Ext.util.Format":{"alias":[],"alternates":[]},"Ext.util.Group":{"alias":[],"alternates":[]},"Ext.util.GroupCollection":{"alias":[],"alternates":[]},"Ext.util.Grouper":{"alias":[],"alternates":[]},"Ext.util.HashMap":{"alias":[],"alternates":[]},"Ext.util.History":{"alias":[],"alternates":["Ext.History"]},"Ext.util.Inflector":{"alias":[],"alternates":[]},"Ext.util.ItemCollection":{"alias":[],"alternates":["Ext.ItemCollection"]},"Ext.util.KeyMap":{"alias":[],"alternates":["Ext.KeyMap"]},"Ext.util.KeyNav":{"alias":[],"alternates":["Ext.KeyNav"]},"Ext.util.KeyboardInteractive":{"alias":[],"alternates":[]},"Ext.util.LocalStorage":{"alias":[],"alternates":[]},"Ext.util.LruCache":{"alias":[],"alternates":[]},"Ext.util.Memento":{"alias":[],"alternates":[]},"Ext.util.MixedCollection":{"alias":[],"alternates":[]},"Ext.util.ObjectTemplate":{"alias":[],"alternates":[]},"Ext.util.Observable":{"alias":[],"alternates":[]},"Ext.util.Offset":{"alias":[],"alternates":[]},"Ext.util.PaintMonitor":{"alias":[],"alternates":[]},"Ext.util.Point":{"alias":[],"alternates":[]},"Ext.util.Positionable":{"alias":[],"alternates":[]},"Ext.util.ProtoElement":{"alias":[],"alternates":[]},"Ext.util.Queue":{"alias":[],"alternates":[]},"Ext.util.Region":{"alias":[],"alternates":[]},"Ext.util.Renderable":{"alias":[],"alternates":[]},"Ext.util.Schedulable":{"alias":[],"alternates":[]},"Ext.util.Scheduler":{"alias":[],"alternates":[]},"Ext.util.SizeMonitor":{"alias":[],"alternates":[]},"Ext.util.Sortable":{"alias":[],"alternates":[]},"Ext.util.Sorter":{"alias":[],"alternates":[]},"Ext.util.SorterCollection":{"alias":[],"alternates":[]},"Ext.util.StoreHolder":{"alias":[],"alternates":[]},"Ext.util.TSV":{"alias":[],"alternates":[]},"Ext.util.TaskManager":{"alias":[],"alternates":["Ext.TaskManager"]},"Ext.util.TaskRunner":{"alias":[],"alternates":[]},"Ext.util.TextMetrics":{"alias":[],"alternates":[]},"Ext.util.Translatable":{"alias":[],"alternates":[]},"Ext.util.XTemplateCompiler":{"alias":[],"alternates":[]},"Ext.util.XTemplateParser":{"alias":[],"alternates":[]},"Ext.util.paintmonitor.Abstract":{"alias":[],"alternates":[]},"Ext.util.paintmonitor.CssAnimation":{"alias":[],"alternates":[]},"Ext.util.paintmonitor.OverflowChange":{"alias":[],"alternates":[]},"Ext.util.sizemonitor.Abstract":{"alias":[],"alternates":[]},"Ext.util.sizemonitor.OverflowChange":{"alias":[],"alternates":[]},"Ext.util.sizemonitor.Scroll":{"alias":[],"alternates":[]},"Ext.util.translatable.Abstract":{"alias":[],"alternates":[]},"Ext.util.translatable.CssPosition":{"alias":[],"alternates":[]},"Ext.util.translatable.CssTransform":{"alias":[],"alternates":[]},"Ext.util.translatable.Dom":{"alias":[],"alternates":[]},"Ext.util.translatable.ScrollParent":{"alias":[],"alternates":[]},"Ext.util.translatable.ScrollPosition":{"alias":[],"alternates":[]},"Ext.ux.BoxReorderer":{"idx":198,"alias":[],"alternates":[]},"Ext.ux.CellDragDrop":{"idx":199,"alias":["plugin.celldragdrop"],"alternates":[]},"Ext.ux.DataTip":{"idx":200,"alias":["plugin.datatip"],"alternates":[]},"Ext.ux.DataView.Animated":{"idx":201,"alias":[],"alternates":[]},"Ext.ux.DataView.DragSelector":{"idx":202,"alias":[],"alternates":[]},"Ext.ux.DataView.Draggable":{"idx":203,"alias":[],"alternates":[]},"Ext.ux.DataView.LabelEditor":{"idx":204,"alias":[],"alternates":[]},"Ext.ux.Explorer":{"idx":206,"alias":["widget.explorer"],"alternates":[]},"Ext.ux.FieldReplicator":{"idx":207,"alias":["plugin.fieldreplicator"],"alternates":[]},"Ext.ux.GMapPanel":{"idx":208,"alias":["widget.gmappanel"],"alternates":[]},"Ext.ux.GroupTabPanel":{"idx":210,"alias":["widget.grouptabpanel"],"alternates":[]},"Ext.ux.GroupTabRenderer":{"idx":209,"alias":["plugin.grouptabrenderer"],"alternates":[]},"Ext.ux.IFrame":{"idx":211,"alias":["widget.uxiframe"],"alternates":[]},"Ext.ux.LiveSearchGridPanel":{"idx":213,"alias":[],"alternates":[]},"Ext.ux.PreviewPlugin":{"idx":214,"alias":["plugin.preview"],"alternates":[]},"Ext.ux.ProgressBarPager":{"idx":215,"alias":[],"alternates":[]},"Ext.ux.RowExpander":{"idx":216,"alias":[],"alternates":[]},"Ext.ux.SlidingPager":{"idx":217,"alias":[],"alternates":[]},"Ext.ux.Spotlight":{"idx":218,"alias":[],"alternates":[]},"Ext.ux.TabCloseMenu":{"idx":219,"alias":["plugin.tabclosemenu"],"alternates":[]},"Ext.ux.TabReorderer":{"idx":220,"alias":["plugin.tabreorderer"],"alternates":[]},"Ext.ux.TabScrollerMenu":{"idx":221,"alias":["plugin.tabscrollermenu"],"alternates":[]},"Ext.ux.ToolbarDroppable":{"idx":222,"alias":[],"alternates":[]},"Ext.ux.TreePicker":{"idx":223,"alias":["widget.treepicker"],"alternates":[]},"Ext.ux.ajax.DataSimlet":{"idx":187,"alias":[],"alternates":[]},"Ext.ux.ajax.JsonSimlet":{"idx":188,"alias":["simlet.json"],"alternates":[]},"Ext.ux.ajax.SimManager":{"idx":190,"alias":[],"alternates":[]},"Ext.ux.ajax.SimXhr":{"idx":189,"alias":[],"alternates":[]},"Ext.ux.ajax.Simlet":{"idx":186,"alias":["simlet.basic"],"alternates":[]},"Ext.ux.ajax.XmlSimlet":{"idx":191,"alias":["simlet.xml"],"alternates":[]},"Ext.ux.colorpick.Button":{"idx":239,"alias":["widget.colorbutton"],"alternates":[]},"Ext.ux.colorpick.ButtonController":{"idx":238,"alias":["controller.colorpick-buttoncontroller"],"alternates":[]},"Ext.ux.colorpick.ColorMap":{"idx":227,"alias":["widget.colorpickercolormap"],"alternates":[]},"Ext.ux.colorpick.ColorMapController":{"idx":226,"alias":["controller.colorpickercolormapcontroller"],"alternates":[]},"Ext.ux.colorpick.ColorPreview":{"idx":230,"alias":["widget.colorpickercolorpreview"],"alternates":[]},"Ext.ux.colorpick.ColorUtils":{"idx":225,"alias":[],"alternates":[]},"Ext.ux.colorpick.Field":{"idx":240,"alias":["widget.colorfield"],"alternates":[]},"Ext.ux.colorpick.Selection":{"idx":224,"alias":[],"alternates":[]},"Ext.ux.colorpick.Selector":{"idx":237,"alias":["widget.colorselector"],"alternates":[]},"Ext.ux.colorpick.SelectorController":{"idx":229,"alias":["controller.colorpick-selectorcontroller"],"alternates":[]},"Ext.ux.colorpick.SelectorModel":{"idx":228,"alias":["viewmodel.colorpick-selectormodel"],"alternates":[]},"Ext.ux.colorpick.Slider":{"idx":232,"alias":["widget.colorpickerslider"],"alternates":[]},"Ext.ux.colorpick.SliderAlpha":{"idx":233,"alias":["widget.colorpickerslideralpha"],"alternates":[]},"Ext.ux.colorpick.SliderController":{"idx":231,"alias":["controller.colorpick-slidercontroller"],"alternates":[]},"Ext.ux.colorpick.SliderHue":{"idx":236,"alias":["widget.colorpickersliderhue"],"alternates":[]},"Ext.ux.colorpick.SliderSaturation":{"idx":234,"alias":["widget.colorpickerslidersaturation"],"alternates":[]},"Ext.ux.colorpick.SliderValue":{"idx":235,"alias":["widget.colorpickerslidervalue"],"alternates":[]},"Ext.ux.dashboard.GoogleRssPart":{"idx":242,"alias":["part.google-rss"],"alternates":[]},"Ext.ux.dashboard.GoogleRssView":{"idx":241,"alias":[],"alternates":[]},"Ext.ux.data.PagingMemoryProxy":{"idx":243,"alias":["proxy.pagingmemory"],"alternates":["Ext.data.PagingMemoryProxy"]},"Ext.ux.dd.CellFieldDropZone":{"idx":244,"alias":[],"alternates":[]},"Ext.ux.dd.PanelFieldDragZone":{"idx":245,"alias":[],"alternates":[]},"Ext.ux.desktop.App":{"idx":247,"alias":[],"alternates":[]},"Ext.ux.desktop.Desktop":{"idx":246,"alias":["widget.desktop"],"alternates":[]},"Ext.ux.desktop.Module":{"idx":248,"alias":[],"alternates":[]},"Ext.ux.desktop.ShortcutModel":{"idx":249,"alias":[],"alternates":[]},"Ext.ux.desktop.StartMenu":{"idx":250,"alias":[],"alternates":[]},"Ext.ux.desktop.TaskBar":{"idx":251,"alias":["widget.taskbar"],"alternates":[]},"Ext.ux.desktop.TrayClock":{"idx":251,"alias":["widget.trayclock"],"alternates":[]},"Ext.ux.desktop.Video":{"idx":252,"alias":["widget.video"],"alternates":[]},"Ext.ux.desktop.Wallpaper":{"idx":253,"alias":["widget.wallpaper"],"alternates":[]},"Ext.ux.event.Driver":{"idx":192,"alias":[],"alternates":[]},"Ext.ux.event.Maker":{"idx":193,"alias":[],"alternates":[]},"Ext.ux.event.Player":{"idx":194,"alias":[],"alternates":[]},"Ext.ux.event.Recorder":{"idx":195,"alias":[],"alternates":[]},"Ext.ux.event.RecorderManager":{"idx":254,"alias":["widget.eventrecordermanager"],"alternates":[]},"Ext.ux.form.ItemSelector":{"idx":256,"alias":["widget.itemselector","widget.itemselectorfield"],"alternates":["Ext.ux.ItemSelector"]},"Ext.ux.form.MultiSelect":{"idx":255,"alias":["widget.multiselect","widget.multiselectfield"],"alternates":["Ext.ux.Multiselect"]},"Ext.ux.form.SearchField":{"idx":257,"alias":["widget.searchfield"],"alternates":[]},"Ext.ux.google.Api":{"idx":196,"alias":[],"alternates":[]},"Ext.ux.google.Feeds":{"idx":197,"alias":[],"alternates":[]},"Ext.ux.grid.SubTable":{"idx":258,"alias":["plugin.subtable"],"alternates":[]},"Ext.ux.grid.TransformGrid":{"idx":259,"alias":[],"alternates":[]},"Ext.ux.layout.ResponsiveColumn":{"idx":260,"alias":["layout.responsivecolumn"],"alternates":[]},"Ext.ux.rating.Picker":{"idx":261,"alias":["widget.rating"],"alternates":[]},"Ext.ux.statusbar.StatusBar":{"idx":212,"alias":["widget.statusbar"],"alternates":["Ext.ux.StatusBar"]},"Ext.ux.statusbar.ValidationStatus":{"idx":262,"alias":[],"alternates":[]},"Ext.view.AbstractView":{"alias":[],"alternates":[]},"Ext.view.BoundList":{"alias":["widget.boundlist"],"alternates":["Ext.BoundList"]},"Ext.view.BoundListKeyNav":{"alias":["view.navigation.boundlist"],"alternates":[]},"Ext.view.DragZone":{"alias":[],"alternates":[]},"Ext.view.DropZone":{"alias":[],"alternates":[]},"Ext.view.MultiSelector":{"alias":["widget.multiselector"],"alternates":[]},"Ext.view.MultiSelectorSearch":{"alias":["widget.multiselector-search"],"alternates":[]},"Ext.view.NavigationModel":{"alias":["view.navigation.default"],"alternates":[]},"Ext.view.NodeCache":{"alias":[],"alternates":[]},"Ext.view.Table":{"alias":["widget.gridview","widget.tableview"],"alternates":["Ext.grid.View"]},"Ext.view.TableLayout":{"alias":["layout.tableview"],"alternates":[]},"Ext.view.View":{"alias":["widget.dataview"],"alternates":["Ext.DataView"]},"Ext.window.MessageBox":{"alias":["widget.messagebox"],"alternates":[]},"Ext.window.Toast":{"alias":["widget.toast"],"alternates":[]},"Ext.window.Window":{"alias":["widget.window"],"alternates":["Ext.Window"]},"Integer":{"idx":285,"alias":[],"alternates":[]},"NOT":{"idx":285,"alias":[],"alternates":[]},"SCFM":{"idx":285,"alias":[],"alternates":[]},"Switch":{"idx":285,"alias":[],"alternates":[]},"add":{"idx":285,"alias":[],"alternates":[]},"aodo":{"idx":285,"alias":[],"alternates":[]},"aver":{"idx":285,"alias":[],"alternates":[]},"buffer":{"idx":285,"alias":[],"alternates":[]},"comp":{"idx":285,"alias":[],"alternates":[]},"count":{"idx":285,"alias":[],"alternates":[]},"delay":{"idx":285,"alias":[],"alternates":[]},"doubleBO":{"idx":285,"alias":[],"alternates":[]},"enth":{"idx":285,"alias":[],"alternates":[]},"fa":{"idx":285,"alias":[],"alternates":[]},"fd":{"idx":285,"alias":[],"alternates":[]},"hour":{"idx":285,"alias":[],"alternates":[]},"hy":{"idx":285,"alias":[],"alternates":[]},"lock":{"idx":285,"alias":[],"alternates":[]},"logic":{"idx":285,"alias":[],"alternates":[]},"max":{"idx":285,"alias":[],"alternates":[]},"mul":{"idx":285,"alias":[],"alternates":[]},"pid":{"idx":285,"alias":[],"alternates":[]},"program.Application":{"idx":263,"alias":[],"alternates":[]},"program.model.Alerm":{"idx":264,"alias":["program.Alerm"],"alternates":[]},"program.model.WeekModel":{"idx":265,"alias":["WeekModel"],"alternates":[]},"program.store.AttributeTableStore":{"idx":266,"alias":["attributetablestore"],"alternates":[]},"program.store.Personnel":{"idx":267,"alias":["store.personnel"],"alternates":[]},"program.store.RenameStore":{"idx":268,"alias":[],"alternates":[]},"program.store.SvgImgs":{"idx":280,"alias":[],"alternates":[]},"program.view.grid.BackupGrid":{"idx":314,"alias":["widget.backupgrid"],"alternates":[]},"program.view.grid.BackupGridController":{"idx":269,"alias":["controller.grid-backupgrid"],"alternates":[]},"program.view.grid.BackupGridModel":{"idx":270,"alias":["viewmodel.grid-backupgrid"],"alternates":[]},"program.view.grid.LogicGridPanel":{"idx":323,"alias":["widget.logicgridpanel"],"alternates":[]},"program.view.grid.LogicGridPanelController":{"idx":271,"alias":["controller.grid-logicgridpanel"],"alternates":[]},"program.view.grid.LogicGridPanelModel":{"idx":272,"alias":["viewmodel.grid-logicgridpanel"],"alternates":[]},"program.view.grid.PropertypeGrid":{"idx":316,"alias":["propertypegrid","widget.propertypegrid"],"alternates":[]},"program.view.grid.PropertypeGridController":{"idx":273,"alias":["controller.grid-propertypegrid"],"alternates":[]},"program.view.grid.PropertypeGridModel":{"idx":274,"alias":["viewmodel.grid-propertypegrid"],"alternates":[]},"program.view.grid.TypeGrid":{"idx":333,"alias":["widget.typegrid"],"alternates":[]},"program.view.grid.TypeGridController":{"idx":275,"alias":["controller.grid-typegrid"],"alternates":[]},"program.view.grid.TypeGridModel":{"idx":276,"alias":["viewmodel.grid-typegrid"],"alternates":[]},"program.view.grid.menu.gridmenu":{"idx":334,"alias":[],"alternates":[]},"program.view.grid.menu.gridmenuController":{"idx":277,"alias":["controller.grid-menu-gridmenu"],"alternates":[]},"program.view.grid.menu.gridmenuModel":{"idx":278,"alias":["viewmodel.grid-menu-gridmenu"],"alternates":[]},"program.view.main.List":{"idx":322,"alias":["widget.mainlist"],"alternates":[]},"program.view.main.Main":{"idx":328,"alias":["widget.app-main"],"alternates":[]},"program.view.main.MainController":{"idx":279,"alias":["controller.main"],"alternates":[]},"program.view.main.MainModel":{"idx":280,"alias":["viewmodel.main"],"alternates":[]},"program.view.main.toolbar.TopToolbar":{"idx":325,"alias":["widget.basic-toolbar"],"alternates":[]},"program.view.main.toolbar.TopToolbarController":{"idx":281,"alias":["controller.main-toolbar-toptoolbar"],"alternates":[]},"program.view.main.toolbar.TopToolbarModel":{"idx":282,"alias":["viewmodel.main-toolbar-toptoolbar"],"alternates":[]},"program.view.massage.ProgressBarWin":{"idx":326,"alias":["progressbarwin"],"alternates":[]},"program.view.massage.ProgressBarWinController":{"idx":283,"alias":["controller.massage-progressbarwin"],"alternates":[]},"program.view.massage.ProgressBarWinModel":{"idx":284,"alias":["viewmodel.massage-progressbarwin"],"alternates":[]},"program.view.tab.BasicController":{"idx":285,"alias":["controller.grid-panel-gridpanel"],"alternates":[]},"program.view.tab.BasicTabs":{"idx":318,"alias":["widget.basic-tabs"],"alternates":[]},"program.view.tab.DrawPanel":{"idx":288,"alias":["widget.drawpanel"],"alternates":[]},"program.view.tab.DrawPanelController":{"idx":286,"alias":["controller.tab-drawpanel"],"alternates":[]},"program.view.tab.DrawPanelModel":{"idx":287,"alias":["viewmodel.tab-drawpanel"],"alternates":[]},"program.view.tab.FramedTabs":{"idx":321,"alias":["widget.framed-tabs"],"alternates":[]},"program.view.tab.FramedTabsController":{"idx":289,"alias":["controller.framedtabs"],"alternates":[]},"program.view.tree.DevTree":{"idx":317,"alias":["widget.devtree"],"alternates":[]},"program.view.tree.DevTreeController":{"idx":290,"alias":["controller.imgtree"],"alternates":[]},"program.view.tree.DevTreeModel":{"idx":291,"alias":["viewmodel.devtreemodel"],"alternates":[]},"program.view.tree.ReplaceKey":{"idx":331,"alias":[],"alternates":[]},"program.view.tree.ReplaceKeyController":{"idx":292,"alias":["controller.tree-replacekey"],"alternates":[]},"program.view.tree.ReplaceKeyModel":{"idx":293,"alias":["viewmodel.tree-replacekey"],"alternates":[]},"program.view.window.AlarmWindow":{"idx":312,"alias":[],"alternates":[]},"program.view.window.AlarmWindowController":{"idx":294,"alias":["controller.window-alarmwindow"],"alternates":[]},"program.view.window.AlarmWindowModel":{"idx":295,"alias":["viewmodel.window-alarmwindow"],"alternates":[]},"program.view.window.AttributeTableWin":{"idx":313,"alias":[],"alternates":[]},"program.view.window.AttributeTableWinController":{"idx":296,"alias":["controller.window-attributetablewin"],"alternates":[]},"program.view.window.AttributeTableWinModel":{"idx":297,"alias":["viewmodel.window-attributetablewin"],"alternates":[]},"program.view.window.Backup":{"idx":315,"alias":[],"alternates":[]},"program.view.window.BackupController":{"idx":298,"alias":["controller.window-backup"],"alternates":[]},"program.view.window.BackupModel":{"idx":299,"alias":["viewmodel.window-backup"],"alternates":[]},"program.view.window.DrawWeeksWindow":{"idx":319,"alias":["drawweekswindow"],"alternates":[]},"program.view.window.DrawWeeksWindowController":{"idx":300,"alias":["controller.window-drawweekswindow"],"alternates":[]},"program.view.window.DrawWeeksWindowModel":{"idx":301,"alias":["viewmodel.window-drawweekswindow"],"alternates":[]},"program.view.window.EditFile":{"idx":320,"alias":[],"alternates":[]},"program.view.window.EditFileController":{"idx":302,"alias":["controller.window-editfile"],"alternates":[]},"program.view.window.EditFileModel":{"idx":303,"alias":["viewmodel.window-editfile"],"alternates":[]},"program.view.window.RenameWindow":{"idx":329,"alias":["widget.renamewindow"],"alternates":[]},"program.view.window.RenameWindowController":{"idx":304,"alias":["controller.window-renamewindow"],"alternates":[]},"program.view.window.RenameWindowModel":{"idx":305,"alias":["viewmodel.window-renamewindow"],"alternates":[]},"program.view.window.ReplaceDevInfo":{"idx":330,"alias":[],"alternates":[]},"program.view.window.ReplaceDevInfoController":{"idx":306,"alias":["controller.window-replacedevinfo"],"alternates":[]},"program.view.window.ReplaceDevInfoModel":{"idx":307,"alias":["viewmodel.window-replacedevinfo"],"alternates":[]},"program.view.window.ShowDevices":{"idx":327,"alias":["showdevices","widget.showdevices"],"alternates":[]},"program.view.window.ShowDevicesController":{"idx":308,"alias":["controller.window-showdevices"],"alternates":[]},"program.view.window.ShowDevicesModel":{"idx":309,"alias":["viewmodel.window-showdevices"],"alternates":[]},"program.view.window.SynchrnousWindow":{"idx":332,"alias":[],"alternates":[]},"program.view.window.SynchrnousWindowController":{"idx":310,"alias":["controller.window-synchrnouswindow"],"alternates":[]},"program.view.window.SynchrnousWindowModel":{"idx":311,"alias":["viewmodel.window-synchrnouswindow"],"alternates":[]},"program.view.window.UploadWindow":{"idx":324,"alias":["uploadwindow","widget.uploadwindow"],"alternates":[]},"pulse":{"idx":285,"alias":[],"alternates":[]},"scale":{"idx":285,"alias":[],"alternates":[]},"select":{"idx":285,"alias":[],"alternates":[]},"sub":{"idx":285,"alias":[],"alternates":[]}},"packages":{"amf":{"css":true,"included":true,"namespace":"Ext","required":true,"requires":["ext","core","classic"],"version":"6.0.1.250"},"charts":{"css":true,"included":true,"namespace":"Ext","required":true,"requires":["ext","core","classic"],"theme":"theme-classic","version":"6.0.1.250"},"classic":{"css":true,"included":true,"namespace":"Ext","required":true,"requires":["ext","core"],"version":"6.0.1.250"},"cmd":{"current":"6.2.1.29","version":"6.5.3.6"},"core":{"css":true,"included":true,"required":true,"requires":["ext","classic"],"version":"6.0.1.250"},"ext":{"css":true,"included":true,"license":"gpl","namespace":"Ext","required":true,"requires":[],"version":"6.0.1.250"},"font-awesome":{"css":true,"included":true,"namespace":"Ext","required":true,"requires":["ext","core","classic","theme-base","theme-neutral","theme-neptune"],"theme":"theme-neptune","version":"6.0.1.250"},"theme-base":{"css":true,"included":true,"namespace":"Ext","required":true,"requires":["ext","core","classic"],"version":"6.0.1.250"},"theme-neptune":{"css":true,"extend":"theme-neutral","included":true,"namespace":"Ext","required":true,"requires":["ext","core","classic","theme-base","theme-neutral"],"version":"6.0.1.250"},"theme-neutral":{"css":true,"extend":"theme-base","included":true,"namespace":"Ext","required":true,"requires":["ext","core","classic","theme-base"],"version":"6.0.1.250"},"ux":{"css":true,"included":true,"namespace":"Ext","required":true,"requires":["ext","core","classic"],"theme":"theme-classic","version":"6.0.1.250"}},"js":[{"isSdk":true,"path":"ext/build/ext-all-rtl-debug.js"},{"bootstrap":true,"path":"ext/classic/theme-neptune/overrides/Component.js"},{"bootstrap":true,"path":"ext/classic/theme-neptune/overrides/container/ButtonGroup.js"},{"bootstrap":true,"path":"ext/classic/theme-neptune/overrides/form/field/HtmlEditor.js"},{"bootstrap":true,"path":"ext/classic/theme-neptune/overrides/grid/RowEditor.js"},{"bootstrap":true,"path":"ext/classic/theme-neptune/overrides/grid/column/RowNumberer.js"},{"bootstrap":true,"path":"ext/classic/theme-neptune/overrides/layout/component/Dock.js"},{"bootstrap":true,"path":"ext/classic/theme-neptune/overrides/menu/Menu.js"},{"bootstrap":true,"path":"ext/classic/theme-neptune/overrides/menu/Separator.js"},{"bootstrap":true,"path":"ext/classic/theme-neptune/overrides/panel/Panel.js"},{"bootstrap":true,"path":"ext/classic/theme-neptune/overrides/panel/Table.js"},{"bootstrap":true,"path":"ext/classic/theme-neptune/overrides/picker/Month.js"},{"bootstrap":true,"path":"ext/classic/theme-neptune/overrides/resizer/Splitter.js"},{"bootstrap":true,"path":"ext/classic/theme-neptune/overrides/toolbar/Paging.js"},{"bootstrap":true,"path":"ext/classic/theme-neptune/overrides/toolbar/Toolbar.js"},{"bootstrap":true,"path":"ext/packages/charts/classic/overrides/AbstractChart.js"},{"bootstrap":true,"remote":true,"platform":["fashion"],"isSdk":false,"path":"../../../../../../../../../../../../~cmd/extensions/sencha-fashion/fashion/fashion.js/"},{"bootstrap":true,"remote":true,"platform":["fashion"],"isSdk":false,"path":"../../../../../../../../../../../../~cmd/extensions/sencha-fashion/sass-compiler.js/"},{"path":"app.js"}],"css":[{"remote":false,"exclude":["fashion"],"path":"build/production/program/classic/resources/program-all_1.css"},{"remote":false,"exclude":["fashion"],"path":"build/production/program/classic/resources/program-all_2.css"}],"cache":{"enable":true,"deltas":"classic/deltas"},"fashion":{"inliner":{"enable":false}},"name":"program","version":"1.0.0.0","framework":"ext","loader":{"cache":"20180713095358","cacheParam":"_dc"},"id":"bb03754f-b7d9-4018-9636-1338cab4d116","toolkit":"classic","theme":"theme-neptune","profile":"classic","hash":"5e6db90d21599cd7497244510a4b6c79d083c155","resources":{"path":"build/production/program/classic/resources","shared":"build/production/program/resources"}}