<?xml version="1.0" encoding="UTF-8" standalone="no"?>
<root>
 <AI_count>0</AI_count>
 <AO_count>3</AO_count>
 <AV_count>5</AV_count>
 <BI_count>28</BI_count>
 <BO_count>11</BO_count>
 <BV_count>5</BV_count>
 <SCHEDULE_count>0</SCHEDULE_count>
 <key  number="6600101">
  <Object_Name>ANALOG OUTPUT 1</Object_Name>
  <Offset>1.000</Offset>
  <Description>ANALOG OUTPUT 1</Description>
  <Device_Type>0-10=0-100</Device_Type>
  <COV_Increment>0.500</COV_Increment>
  <High_Limit>100</High_Limit>
  <Low_Limit>0.000</Low_Limit>
  <Deadband>0.000</Deadband>
  <Limit_Enable>0</Limit_Enable>
  <Event_Enable>0</Event_Enable>
  <Notify_Type>0</Notify_Type>
  <Time_Delay>0</Time_Delay>
  <Notification_Class>1</Notification_Class>
 </key>
 <key  number="6600102">
  <Object_Name>ANALOG OUTPUT 2</Object_Name>
  <Offset>1.000</Offset>
  <Description>ANALOG OUTPUT 2</Description>
  <Device_Type>0-10=0-100</Device_Type>
  <COV_Increment>0.500</COV_Increment>
  <High_Limit>100</High_Limit>
  <Low_Limit>0.000</Low_Limit>
  <Deadband>0.000</Deadband>
  <Limit_Enable>0</Limit_Enable>
  <Event_Enable>0</Event_Enable>
  <Notify_Type>0</Notify_Type>
  <Time_Delay>0</Time_Delay>
  <Notification_Class>1</Notification_Class>
 </key>
 <key  number="6600103">
  <Object_Name>ANALOG OUTPUT 3</Object_Name>
  <Offset>1.000</Offset>
  <Description>ANALOG OUTPUT 3</Description>
  <Device_Type>0-10=0-100</Device_Type>
  <COV_Increment>0.500</COV_Increment>
  <High_Limit>100</High_Limit>
  <Low_Limit>0.000</Low_Limit>
  <Deadband>0.000</Deadband>
  <Limit_Enable>0</Limit_Enable>
  <Event_Enable>0</Event_Enable>
  <Notify_Type>0</Notify_Type>
  <Time_Delay>0</Time_Delay>
  <Notification_Class>1</Notification_Class>
 </key>
 <key  number="6600201">
  <Object_Name>ANALOG VALUE 1</Object_Name>
  <Description>ANALOG VALUE 1</Description>
  <COV_Increment>0.500</COV_Increment>
  <High_Limit>100</High_Limit>
  <Low_Limit>0.000</Low_Limit>
  <Deadband>0.000</Deadband>
  <Limit_Enable>0</Limit_Enable>
  <Event_Enable>0</Event_Enable>
  <Notify_Type>0</Notify_Type>
  <Time_Delay>0</Time_Delay>
  <Notification_Class>1</Notification_Class>
 </key>
 <key  number="6600202">
  <Object_Name>ANALOG VALUE 2</Object_Name>
  <Description>ANALOG VALUE 2</Description>
  <COV_Increment>0.500</COV_Increment>
  <High_Limit>100</High_Limit>
  <Low_Limit>0.000</Low_Limit>
  <Deadband>0.000</Deadband>
  <Limit_Enable>0</Limit_Enable>
  <Event_Enable>0</Event_Enable>
  <Notify_Type>0</Notify_Type>
  <Time_Delay>0</Time_Delay>
  <Notification_Class>1</Notification_Class>
 </key>
 <key  number="6600203">
  <Object_Name>ANALOG VALUE 3</Object_Name>
  <Description>ANALOG VALUE 3</Description>
  <COV_Increment>0.500</COV_Increment>
  <High_Limit>100</High_Limit>
  <Low_Limit>0.000</Low_Limit>
  <Deadband>0.000</Deadband>
  <Limit_Enable>0</Limit_Enable>
  <Event_Enable>0</Event_Enable>
  <Notify_Type>0</Notify_Type>
  <Time_Delay>0</Time_Delay>
  <Notification_Class>1</Notification_Class>
 </key>
 <key  number="6600204">
  <Object_Name>ANALOG VALUE 4</Object_Name>
  <Description>ANALOG VALUE 4</Description>
  <COV_Increment>0.500</COV_Increment>
  <High_Limit>100</High_Limit>
  <Low_Limit>0.000</Low_Limit>
  <Deadband>0.000</Deadband>
  <Limit_Enable>0</Limit_Enable>
  <Event_Enable>0</Event_Enable>
  <Notify_Type>0</Notify_Type>
  <Time_Delay>0</Time_Delay>
  <Notification_Class>1</Notification_Class>
 </key>
 <key  number="6600205">
  <Object_Name>ANALOG VALUE 5</Object_Name>
  <Description>ANALOG VALUE 5</Description>
  <COV_Increment>0.500</COV_Increment>
  <High_Limit>100</High_Limit>
  <Low_Limit>0.000</Low_Limit>
  <Deadband>0.000</Deadband>
  <Limit_Enable>0</Limit_Enable>
  <Event_Enable>0</Event_Enable>
  <Notify_Type>0</Notify_Type>
  <Time_Delay>0</Time_Delay>
  <Notification_Class>1</Notification_Class>
 </key>
 <key  number="6600301">
  <Object_Name>BINARY_INPUT 1</Object_Name>
  <Description>BINARY_INPUT 1</Description>
  <Device>
  </Device>
  <Inactive_Text>Off</Inactive_Text>
  <Active_Text>On</Active_Text>
  <Event_Enable>0</Event_Enable>
  <Notify_Type>0</Notify_Type>
  <Time_Delay>0</Time_Delay>
  <Alarm_Value>0</Alarm_Value>
  <Notification_Class>1</Notification_Class>
 </key>
 <key  number="6600302">
  <Object_Name>BINARY_INPUT 2</Object_Name>
  <Description>BINARY_INPUT 2</Description>
  <Device>
  </Device>
  <Inactive_Text>Off</Inactive_Text>
  <Active_Text>On</Active_Text>
  <Event_Enable>0</Event_Enable>
  <Notify_Type>0</Notify_Type>
  <Time_Delay>0</Time_Delay>
  <Alarm_Value>0</Alarm_Value>
  <Notification_Class>1</Notification_Class>
 </key>
 <key  number="6600303">
  <Object_Name>BINARY_INPUT 3</Object_Name>
  <Description>BINARY_INPUT 3</Description>
  <Device>
  </Device>
  <Inactive_Text>Off</Inactive_Text>
  <Active_Text>On</Active_Text>
  <Event_Enable>0</Event_Enable>
  <Notify_Type>0</Notify_Type>
  <Time_Delay>0</Time_Delay>
  <Alarm_Value>0</Alarm_Value>
  <Notification_Class>1</Notification_Class>
 </key>
 <key  number="6600304">
  <Object_Name>BINARY_INPUT 4</Object_Name>
  <Description>BINARY_INPUT 4</Description>
  <Device>
  </Device>
  <Inactive_Text>Off</Inactive_Text>
  <Active_Text>On</Active_Text>
  <Event_Enable>0</Event_Enable>
  <Notify_Type>0</Notify_Type>
  <Time_Delay>0</Time_Delay>
  <Alarm_Value>0</Alarm_Value>
  <Notification_Class>1</Notification_Class>
 </key>
 <key  number="6600305">
  <Object_Name>BINARY_INPUT 5</Object_Name>
  <Description>BINARY_INPUT 5</Description>
  <Device>
  </Device>
  <Inactive_Text>Off</Inactive_Text>
  <Active_Text>On</Active_Text>
  <Event_Enable>0</Event_Enable>
  <Notify_Type>0</Notify_Type>
  <Time_Delay>0</Time_Delay>
  <Alarm_Value>0</Alarm_Value>
  <Notification_Class>1</Notification_Class>
 </key>
 <key  number="6600306">
  <Object_Name>BINARY_INPUT 6</Object_Name>
  <Description>BINARY_INPUT 6</Description>
  <Device>
  </Device>
  <Inactive_Text>Off</Inactive_Text>
  <Active_Text>On</Active_Text>
  <Event_Enable>0</Event_Enable>
  <Notify_Type>0</Notify_Type>
  <Time_Delay>0</Time_Delay>
  <Alarm_Value>0</Alarm_Value>
  <Notification_Class>1</Notification_Class>
 </key>
 <key  number="6600307">
  <Object_Name>BINARY_INPUT 7</Object_Name>
  <Description>BINARY_INPUT 7</Description>
  <Device>
  </Device>
  <Inactive_Text>Off</Inactive_Text>
  <Active_Text>On</Active_Text>
  <Event_Enable>0</Event_Enable>
  <Notify_Type>0</Notify_Type>
  <Time_Delay>0</Time_Delay>
  <Alarm_Value>0</Alarm_Value>
  <Notification_Class>1</Notification_Class>
 </key>
 <key  number="6600308">
  <Object_Name>BINARY_INPUT 8</Object_Name>
  <Description>BINARY_INPUT 8</Description>
  <Device>
  </Device>
  <Inactive_Text>Off</Inactive_Text>
  <Active_Text>On</Active_Text>
  <Event_Enable>0</Event_Enable>
  <Notify_Type>0</Notify_Type>
  <Time_Delay>0</Time_Delay>
  <Alarm_Value>0</Alarm_Value>
  <Notification_Class>1</Notification_Class>
 </key>
 <key  number="6600309">
  <Object_Name>BINARY_INPUT 9</Object_Name>
  <Description>BINARY_INPUT 9</Description>
  <Device>
  </Device>
  <Inactive_Text>Off</Inactive_Text>
  <Active_Text>On</Active_Text>
  <Event_Enable>0</Event_Enable>
  <Notify_Type>0</Notify_Type>
  <Time_Delay>0</Time_Delay>
  <Alarm_Value>0</Alarm_Value>
  <Notification_Class>1</Notification_Class>
 </key>
 <key  number="6600310">
  <Object_Name>BINARY_INPUT 10</Object_Name>
  <Description>BINARY_INPUT 10</Description>
  <Device>
  </Device>
  <Inactive_Text>Off</Inactive_Text>
  <Active_Text>On</Active_Text>
  <Event_Enable>0</Event_Enable>
  <Notify_Type>0</Notify_Type>
  <Time_Delay>0</Time_Delay>
  <Alarm_Value>0</Alarm_Value>
  <Notification_Class>1</Notification_Class>
 </key>
 <key  number="6600311">
  <Object_Name>BINARY_INPUT 11</Object_Name>
  <Description>BINARY_INPUT 11</Description>
  <Device>
  </Device>
  <Inactive_Text>Off</Inactive_Text>
  <Active_Text>On</Active_Text>
  <Event_Enable>0</Event_Enable>
  <Notify_Type>0</Notify_Type>
  <Time_Delay>0</Time_Delay>
  <Alarm_Value>0</Alarm_Value>
  <Notification_Class>1</Notification_Class>
 </key>
 <key  number="6600312">
  <Object_Name>BINARY_INPUT 12</Object_Name>
  <Description>BINARY_INPUT 12</Description>
  <Device>
  </Device>
  <Inactive_Text>Off</Inactive_Text>
  <Active_Text>On</Active_Text>
  <Event_Enable>0</Event_Enable>
  <Notify_Type>0</Notify_Type>
  <Time_Delay>0</Time_Delay>
  <Alarm_Value>0</Alarm_Value>
  <Notification_Class>1</Notification_Class>
 </key>
 <key  number="6600401">
  <Object_Name>BINARY_OUTPUT 1</Object_Name>
  <Description>BINARY_OUTPUT 1</Description>
  <Device_Type>normal</Device_Type>
  <Inactive_Text>Off</Inactive_Text>
  <Active_Text>On</Active_Text>
  <Event_Enable>0</Event_Enable>
  <Notify_Type>0</Notify_Type>
  <Time_Delay>0</Time_Delay>
  <Alarm_Value>0</Alarm_Value>
  <Notification_Class>1</Notification_Class>
 </key>
 <key  number="6600402">
  <Object_Name>BINARY_OUTPUT 2</Object_Name>
  <Description>BINARY_OUTPUT 2</Description>
  <Device_Type>normal</Device_Type>
  <Inactive_Text>Off</Inactive_Text>
  <Active_Text>On</Active_Text>
  <Event_Enable>0</Event_Enable>
  <Notify_Type>0</Notify_Type>
  <Time_Delay>0</Time_Delay>
  <Alarm_Value>0</Alarm_Value>
  <Notification_Class>1</Notification_Class>
 </key>
 <key  number="6600403">
  <Object_Name>BINARY_OUTPUT 3</Object_Name>
  <Description>BINARY_OUTPUT 3</Description>
  <Device_Type>normal</Device_Type>
  <Inactive_Text>Off</Inactive_Text>
  <Active_Text>On</Active_Text>
  <Event_Enable>0</Event_Enable>
  <Notify_Type>0</Notify_Type>
  <Time_Delay>0</Time_Delay>
  <Alarm_Value>0</Alarm_Value>
  <Notification_Class>1</Notification_Class>
 </key>
 <key  number="6600501">
  <Object_Name>BINARY_VALUE 1</Object_Name>
  <Description>BINARY_VALUE 1</Description>
  <Device_Type>normal</Device_Type>
  <Inactive_Text>Off</Inactive_Text>
  <Active_Text>On</Active_Text>
  <Event_Enable>0</Event_Enable>
  <Notify_Type>0</Notify_Type>
  <Time_Delay>0</Time_Delay>
  <Alarm_Value>0</Alarm_Value>
  <Notification_Class>1</Notification_Class>
 </key>
 <key  number="6600502">
  <Object_Name>BINARY_VALUE 2</Object_Name>
  <Description>BINARY_VALUE 2</Description>
  <Device_Type>normal</Device_Type>
  <Inactive_Text>Off</Inactive_Text>
  <Active_Text>On</Active_Text>
  <Event_Enable>0</Event_Enable>
  <Notify_Type>0</Notify_Type>
  <Time_Delay>0</Time_Delay>
  <Alarm_Value>0</Alarm_Value>
  <Notification_Class>1</Notification_Class>
 </key>
 <key  number="6600503">
  <Object_Name>BINARY_VALUE 3</Object_Name>
  <Description>BINARY_VALUE 3</Description>
  <Device_Type>normal</Device_Type>
  <Inactive_Text>Off</Inactive_Text>
  <Active_Text>On</Active_Text>
  <Event_Enable>0</Event_Enable>
  <Notify_Type>0</Notify_Type>
  <Time_Delay>0</Time_Delay>
  <Alarm_Value>0</Alarm_Value>
  <Notification_Class>1</Notification_Class>
 </key>
 <key  number="6600504">
  <Object_Name>BINARY_VALUE 4</Object_Name>
  <Description>BINARY_VALUE 4</Description>
  <Device_Type>normal</Device_Type>
  <Inactive_Text>Off</Inactive_Text>
  <Active_Text>On</Active_Text>
  <Event_Enable>0</Event_Enable>
  <Notify_Type>0</Notify_Type>
  <Time_Delay>0</Time_Delay>
  <Alarm_Value>0</Alarm_Value>
  <Notification_Class>1</Notification_Class>
 </key>
 <key  number="6600505">
  <Object_Name>BINARY_VALUE 5</Object_Name>
  <Description>BINARY_VALUE 5</Description>
  <Device_Type>normal</Device_Type>
  <Inactive_Text>Off</Inactive_Text>
  <Active_Text>On</Active_Text>
  <Event_Enable>0</Event_Enable>
  <Notify_Type>0</Notify_Type>
  <Time_Delay>0</Time_Delay>
  <Alarm_Value>0</Alarm_Value>
  <Notification_Class>1</Notification_Class>
 </key>
 <key  number="6600801">
  <Object_Name>i823Controller</Object_Name>
 </key>
 <key  number="1001321">
  <Object_Name>BI21</Object_Name>
  <Description>BINARY_INPUT 2</Description>
  <Device_Type>normal open</Device_Type>
  <Inactive_Text>Off</Inactive_Text>
  <Active_Text>On</Active_Text>
  <Event_Enable>0</Event_Enable>
  <Notify_Type>0</Notify_Type>
  <Time_Delay>0</Time_Delay>
  <Alarm_Value>0</Alarm_Value>
  <Notification_Class>1</Notification_Class>
 </key>
 <key  number="1001322">
  <Object_Name>BI22</Object_Name>
  <Description>BI22</Description>
  <Device_Type>normal open</Device_Type>
  <Inactive_Text>Off</Inactive_Text>
  <Active_Text>On</Active_Text>
  <Event_Enable>0</Event_Enable>
  <Notify_Type>0</Notify_Type>
  <Time_Delay>0</Time_Delay>
  <Alarm_Value>0</Alarm_Value>
  <Notification_Class>1</Notification_Class>
 </key>
 <key  number="1001323">
  <Object_Name>BI23</Object_Name>
  <Description>BI23</Description>
  <Device_Type>normal open</Device_Type>
  <Inactive_Text>Off</Inactive_Text>
  <Active_Text>On</Active_Text>
  <Event_Enable>0</Event_Enable>
  <Notify_Type>0</Notify_Type>
  <Time_Delay>0</Time_Delay>
  <Alarm_Value>0</Alarm_Value>
  <Notification_Class>1</Notification_Class>
 </key>
 <key  number="1001324">
  <Object_Name>BI24</Object_Name>
  <Description>BI24</Description>
  <Device_Type>normal open</Device_Type>
  <Inactive_Text>Off</Inactive_Text>
  <Active_Text>On</Active_Text>
  <Event_Enable>0</Event_Enable>
  <Notify_Type>0</Notify_Type>
  <Time_Delay>0</Time_Delay>
  <Alarm_Value>0</Alarm_Value>
  <Notification_Class>1</Notification_Class>
 </key>
 <key  number="1001325">
  <Object_Name>BI25</Object_Name>
  <Description>BI25</Description>
  <Device_Type>normal open</Device_Type>
  <Inactive_Text>Off</Inactive_Text>
  <Active_Text>On</Active_Text>
  <Event_Enable>0</Event_Enable>
  <Notify_Type>0</Notify_Type>
  <Time_Delay>0</Time_Delay>
  <Alarm_Value>0</Alarm_Value>
  <Notification_Class>1</Notification_Class>
 </key>
 <key  number="1001326">
  <Object_Name>BI26</Object_Name>
  <Description>BI26</Description>
  <Device_Type>normal open</Device_Type>
  <Inactive_Text>Off</Inactive_Text>
  <Active_Text>On</Active_Text>
  <Event_Enable>0</Event_Enable>
  <Notify_Type>0</Notify_Type>
  <Time_Delay>0</Time_Delay>
  <Alarm_Value>0</Alarm_Value>
  <Notification_Class>1</Notification_Class>
 </key>
 <key  number="1001327">
  <Object_Name>BI27</Object_Name>
  <Description>BI27</Description>
  <Device_Type>normal open</Device_Type>
  <Inactive_Text>Off</Inactive_Text>
  <Active_Text>On</Active_Text>
  <Event_Enable>0</Event_Enable>
  <Notify_Type>0</Notify_Type>
  <Time_Delay>0</Time_Delay>
  <Alarm_Value>0</Alarm_Value>
  <Notification_Class>1</Notification_Class>
 </key>
 <key  number="1001328">
  <Object_Name>BI28</Object_Name>
  <Description>BI28</Description>
  <Device_Type>normal open</Device_Type>
  <Inactive_Text>Off</Inactive_Text>
  <Active_Text>On</Active_Text>
  <Event_Enable>0</Event_Enable>
  <Notify_Type>0</Notify_Type>
  <Time_Delay>0</Time_Delay>
  <Alarm_Value>0</Alarm_Value>
  <Notification_Class>1</Notification_Class>
 </key>
 <key  number="1001421">
  <Object_Name>BO21</Object_Name>
  <Description>BO21</Description>
  <Device_Type>normal</Device_Type>
  <Inactive_Text>Off</Inactive_Text>
  <Active_Text>On</Active_Text>
  <Event_Enable>0</Event_Enable>
  <Notify_Type>0</Notify_Type>
  <Time_Delay>0</Time_Delay>
  <Alarm_Value>0</Alarm_Value>
  <Notification_Class>1</Notification_Class>
 </key>
 <key  number="1001422">
  <Object_Name>BO22</Object_Name>
  <Description>BO22</Description>
  <Device_Type>normal</Device_Type>
  <Inactive_Text>Off</Inactive_Text>
  <Active_Text>On</Active_Text>
  <Event_Enable>0</Event_Enable>
  <Notify_Type>0</Notify_Type>
  <Time_Delay>0</Time_Delay>
  <Alarm_Value>0</Alarm_Value>
  <Notification_Class>1</Notification_Class>
 </key>
 <key  number="1001423">
  <Object_Name>BO23</Object_Name>
  <Description>BO23</Description>
  <Device_Type>normal</Device_Type>
  <Inactive_Text>Off</Inactive_Text>
  <Active_Text>On</Active_Text>
  <Event_Enable>0</Event_Enable>
  <Notify_Type>0</Notify_Type>
  <Time_Delay>0</Time_Delay>
  <Alarm_Value>0</Alarm_Value>
  <Notification_Class>1</Notification_Class>
 </key>
 <key  number="1001424">
  <Object_Name>BO24</Object_Name>
  <Description>BO24</Description>
  <Device_Type>normal</Device_Type>
  <Inactive_Text>Off</Inactive_Text>
  <Active_Text>On</Active_Text>
  <Event_Enable>0</Event_Enable>
  <Notify_Type>0</Notify_Type>
  <Time_Delay>0</Time_Delay>
  <Alarm_Value>0</Alarm_Value>
  <Notification_Class>1</Notification_Class>
 </key>
 <key  number="1001341">
  <Object_Name>BI41</Object_Name>
  <Description>BINARY_INPUT 4</Description>
  <Device_Type>normal open</Device_Type>
  <Inactive_Text>Off</Inactive_Text>
  <Active_Text>On</Active_Text>
  <Event_Enable>0</Event_Enable>
  <Notify_Type>0</Notify_Type>
  <Time_Delay>0</Time_Delay>
  <Alarm_Value>0</Alarm_Value>
  <Notification_Class>1</Notification_Class>
 </key>
 <key  number="1001342">
  <Object_Name>BI42</Object_Name>
  <Description>BI42</Description>
  <Device_Type>normal open</Device_Type>
  <Inactive_Text>Off</Inactive_Text>
  <Active_Text>On</Active_Text>
  <Event_Enable>0</Event_Enable>
  <Notify_Type>0</Notify_Type>
  <Time_Delay>0</Time_Delay>
  <Alarm_Value>0</Alarm_Value>
  <Notification_Class>1</Notification_Class>
 </key>
 <key  number="1001343">
  <Object_Name>BI43</Object_Name>
  <Description>BI43</Description>
  <Device_Type>normal open</Device_Type>
  <Inactive_Text>Off</Inactive_Text>
  <Active_Text>On</Active_Text>
  <Event_Enable>0</Event_Enable>
  <Notify_Type>0</Notify_Type>
  <Time_Delay>0</Time_Delay>
  <Alarm_Value>0</Alarm_Value>
  <Notification_Class>1</Notification_Class>
 </key>
 <key  number="1001344">
  <Object_Name>BI44</Object_Name>
  <Description>BI44</Description>
  <Device_Type>normal open</Device_Type>
  <Inactive_Text>Off</Inactive_Text>
  <Active_Text>On</Active_Text>
  <Event_Enable>0</Event_Enable>
  <Notify_Type>0</Notify_Type>
  <Time_Delay>0</Time_Delay>
  <Alarm_Value>0</Alarm_Value>
  <Notification_Class>1</Notification_Class>
 </key>
 <key  number="1001345">
  <Object_Name>BI45</Object_Name>
  <Description>BI45</Description>
  <Device_Type>normal open</Device_Type>
  <Inactive_Text>Off</Inactive_Text>
  <Active_Text>On</Active_Text>
  <Event_Enable>0</Event_Enable>
  <Notify_Type>0</Notify_Type>
  <Time_Delay>0</Time_Delay>
  <Alarm_Value>0</Alarm_Value>
  <Notification_Class>1</Notification_Class>
 </key>
 <key  number="1001346">
  <Object_Name>BI46</Object_Name>
  <Description>BI46</Description>
  <Device_Type>normal open</Device_Type>
  <Inactive_Text>Off</Inactive_Text>
  <Active_Text>On</Active_Text>
  <Event_Enable>0</Event_Enable>
  <Notify_Type>0</Notify_Type>
  <Time_Delay>0</Time_Delay>
  <Alarm_Value>0</Alarm_Value>
  <Notification_Class>1</Notification_Class>
 </key>
 <key  number="1001347">
  <Object_Name>BI47</Object_Name>
  <Description>BI47</Description>
  <Device_Type>normal open</Device_Type>
  <Inactive_Text>Off</Inactive_Text>
  <Active_Text>On</Active_Text>
  <Event_Enable>0</Event_Enable>
  <Notify_Type>0</Notify_Type>
  <Time_Delay>0</Time_Delay>
  <Alarm_Value>0</Alarm_Value>
  <Notification_Class>1</Notification_Class>
 </key>
 <key  number="1001348">
  <Object_Name>BI48</Object_Name>
  <Description>BI48</Description>
  <Device_Type>normal open</Device_Type>
  <Inactive_Text>Off</Inactive_Text>
  <Active_Text>On</Active_Text>
  <Event_Enable>0</Event_Enable>
  <Notify_Type>0</Notify_Type>
  <Time_Delay>0</Time_Delay>
  <Alarm_Value>0</Alarm_Value>
  <Notification_Class>1</Notification_Class>
 </key>
 <key  number="1001441">
  <Object_Name>BO41</Object_Name>
  <Description>BO41</Description>
  <Device_Type>normal</Device_Type>
  <Inactive_Text>Off</Inactive_Text>
  <Active_Text>On</Active_Text>
  <Event_Enable>0</Event_Enable>
  <Notify_Type>0</Notify_Type>
  <Time_Delay>0</Time_Delay>
  <Alarm_Value>0</Alarm_Value>
  <Notification_Class>1</Notification_Class>
 </key>
 <key  number="1001442">
  <Object_Name>BO42</Object_Name>
  <Description>BO42</Description>
  <Device_Type>normal</Device_Type>
  <Inactive_Text>Off</Inactive_Text>
  <Active_Text>On</Active_Text>
  <Event_Enable>0</Event_Enable>
  <Notify_Type>0</Notify_Type>
  <Time_Delay>0</Time_Delay>
  <Alarm_Value>0</Alarm_Value>
  <Notification_Class>1</Notification_Class>
 </key>
 <key  number="1001443">
  <Object_Name>BO43</Object_Name>
  <Description>BO43</Description>
  <Device_Type>normal</Device_Type>
  <Inactive_Text>Off</Inactive_Text>
  <Active_Text>On</Active_Text>
  <Event_Enable>0</Event_Enable>
  <Notify_Type>0</Notify_Type>
  <Time_Delay>0</Time_Delay>
  <Alarm_Value>0</Alarm_Value>
  <Notification_Class>1</Notification_Class>
 </key>
 <key  number="1001444">
  <Object_Name>BO44</Object_Name>
  <Description>BO44</Description>
  <Device_Type>normal</Device_Type>
  <Inactive_Text>Off</Inactive_Text>
  <Active_Text>On</Active_Text>
  <Event_Enable>0</Event_Enable>
  <Notify_Type>0</Notify_Type>
  <Time_Delay>0</Time_Delay>
  <Alarm_Value>0</Alarm_Value>
  <Notification_Class>1</Notification_Class>
 </key>
</root>