<?xml version="1.0" encoding="UTF-8" standalone="no"?>
<root>
 <AI_count>6</AI_count>
 <AO_count>4</AO_count>
 <AV_count>5</AV_count>
 <BI_count>32</BI_count>
 <BO_count>22</BO_count>
 <BV_count>5</BV_count>
 <SCHEDULE_count>0</SCHEDULE_count>
 <key  number="1001321">
  <Object_Name>BI21</Object_Name>
  <Description>BINARY_INPUT 2</Description>
  <Device_Type>normal open</Device_Type>
  <Inactive_Text>Off</Inactive_Text>
  <Active_Text>On</Active_Text>
  <Event_Enable>0</Event_Enable>
  <Notify_Type>0</Notify_Type>
  <Time_Delay>0</Time_Delay>
  <Alarm_Value>0</Alarm_Value>
  <Notification_Class>1</Notification_Class>
 </key>
 <key  number="1001322">
  <Object_Name>BI22</Object_Name>
  <Description>BI22</Description>
  <Device_Type>normal open</Device_Type>
  <Inactive_Text>Off</Inactive_Text>
  <Active_Text>On</Active_Text>
  <Event_Enable>0</Event_Enable>
  <Notify_Type>0</Notify_Type>
  <Time_Delay>0</Time_Delay>
  <Alarm_Value>0</Alarm_Value>
  <Notification_Class>1</Notification_Class>
 </key>
 <key  number="1001323">
  <Object_Name>BI23</Object_Name>
  <Description>BI23</Description>
  <Device_Type>normal open</Device_Type>
  <Inactive_Text>Off</Inactive_Text>
  <Active_Text>On</Active_Text>
  <Event_Enable>0</Event_Enable>
  <Notify_Type>0</Notify_Type>
  <Time_Delay>0</Time_Delay>
  <Alarm_Value>0</Alarm_Value>
  <Notification_Class>1</Notification_Class>
 </key>
 <key  number="1001324">
  <Object_Name>BI24</Object_Name>
  <Description>BI24</Description>
  <Device_Type>normal open</Device_Type>
  <Inactive_Text>Off</Inactive_Text>
  <Active_Text>On</Active_Text>
  <Event_Enable>0</Event_Enable>
  <Notify_Type>0</Notify_Type>
  <Time_Delay>0</Time_Delay>
  <Alarm_Value>0</Alarm_Value>
  <Notification_Class>1</Notification_Class>
 </key>
 <key  number="1001325">
  <Object_Name>BI25</Object_Name>
  <Description>BI25</Description>
  <Device_Type>normal open</Device_Type>
  <Inactive_Text>Off</Inactive_Text>
  <Active_Text>On</Active_Text>
  <Event_Enable>0</Event_Enable>
  <Notify_Type>0</Notify_Type>
  <Time_Delay>0</Time_Delay>
  <Alarm_Value>0</Alarm_Value>
  <Notification_Class>1</Notification_Class>
 </key>
 <key  number="1001326">
  <Object_Name>BI26</Object_Name>
  <Description>BI26</Description>
  <Device_Type>normal open</Device_Type>
  <Inactive_Text>Off</Inactive_Text>
  <Active_Text>On</Active_Text>
  <Event_Enable>0</Event_Enable>
  <Notify_Type>0</Notify_Type>
  <Time_Delay>0</Time_Delay>
  <Alarm_Value>0</Alarm_Value>
  <Notification_Class>1</Notification_Class>
 </key>
 <key  number="1001327">
  <Object_Name>BI27</Object_Name>
  <Description>BI27</Description>
  <Device_Type>normal open</Device_Type>
  <Inactive_Text>Off</Inactive_Text>
  <Active_Text>On</Active_Text>
  <Event_Enable>0</Event_Enable>
  <Notify_Type>0</Notify_Type>
  <Time_Delay>0</Time_Delay>
  <Alarm_Value>0</Alarm_Value>
  <Notification_Class>1</Notification_Class>
 </key>
 <key  number="1001328">
  <Object_Name>BI28</Object_Name>
  <Description>BI28</Description>
  <Device_Type>normal open</Device_Type>
  <Inactive_Text>Off</Inactive_Text>
  <Active_Text>On</Active_Text>
  <Event_Enable>0</Event_Enable>
  <Notify_Type>0</Notify_Type>
  <Time_Delay>0</Time_Delay>
  <Alarm_Value>0</Alarm_Value>
  <Notification_Class>1</Notification_Class>
 </key>
 <key  number="1001331">
  <Object_Name>BI31</Object_Name>
  <Description>BINARY_INPUT 3</Description>
  <Device_Type>normal open</Device_Type>
  <Inactive_Text>Off</Inactive_Text>
  <Active_Text>On</Active_Text>
  <Event_Enable>0</Event_Enable>
  <Notify_Type>0</Notify_Type>
  <Time_Delay>0</Time_Delay>
  <Alarm_Value>0</Alarm_Value>
  <Notification_Class>1</Notification_Class>
 </key>
 <key  number="1001332">
  <Object_Name>BI32</Object_Name>
  <Description>BI32</Description>
  <Device_Type>normal open</Device_Type>
  <Inactive_Text>Off</Inactive_Text>
  <Active_Text>On</Active_Text>
  <Event_Enable>0</Event_Enable>
  <Notify_Type>0</Notify_Type>
  <Time_Delay>0</Time_Delay>
  <Alarm_Value>0</Alarm_Value>
  <Notification_Class>1</Notification_Class>
 </key>
 <key  number="1001333">
  <Object_Name>BI33</Object_Name>
  <Description>BI33</Description>
  <Device_Type>normal open</Device_Type>
  <Inactive_Text>Off</Inactive_Text>
  <Active_Text>On</Active_Text>
  <Event_Enable>0</Event_Enable>
  <Notify_Type>0</Notify_Type>
  <Time_Delay>0</Time_Delay>
  <Alarm_Value>0</Alarm_Value>
  <Notification_Class>1</Notification_Class>
 </key>
 <key  number="1001334">
  <Object_Name>BI34</Object_Name>
  <Description>BI34</Description>
  <Device_Type>normal open</Device_Type>
  <Inactive_Text>Off</Inactive_Text>
  <Active_Text>On</Active_Text>
  <Event_Enable>0</Event_Enable>
  <Notify_Type>0</Notify_Type>
  <Time_Delay>0</Time_Delay>
  <Alarm_Value>0</Alarm_Value>
  <Notification_Class>1</Notification_Class>
 </key>
 <key  number="1001335">
  <Object_Name>BI35</Object_Name>
  <Description>BI35</Description>
  <Device_Type>normal open</Device_Type>
  <Inactive_Text>Off</Inactive_Text>
  <Active_Text>On</Active_Text>
  <Event_Enable>0</Event_Enable>
  <Notify_Type>0</Notify_Type>
  <Time_Delay>0</Time_Delay>
  <Alarm_Value>0</Alarm_Value>
  <Notification_Class>1</Notification_Class>
 </key>
 <key  number="1001336">
  <Object_Name>BI36</Object_Name>
  <Description>BI36</Description>
  <Device_Type>normal open</Device_Type>
  <Inactive_Text>Off</Inactive_Text>
  <Active_Text>On</Active_Text>
  <Event_Enable>0</Event_Enable>
  <Notify_Type>0</Notify_Type>
  <Time_Delay>0</Time_Delay>
  <Alarm_Value>0</Alarm_Value>
  <Notification_Class>1</Notification_Class>
 </key>
 <key  number="1001337">
  <Object_Name>BI37</Object_Name>
  <Description>BI37</Description>
  <Device_Type>normal open</Device_Type>
  <Inactive_Text>Off</Inactive_Text>
  <Active_Text>On</Active_Text>
  <Event_Enable>0</Event_Enable>
  <Notify_Type>0</Notify_Type>
  <Time_Delay>0</Time_Delay>
  <Alarm_Value>0</Alarm_Value>
  <Notification_Class>1</Notification_Class>
 </key>
 <key  number="1001338">
  <Object_Name>BI38</Object_Name>
  <Description>BI38</Description>
  <Device_Type>normal open</Device_Type>
  <Inactive_Text>Off</Inactive_Text>
  <Active_Text>On</Active_Text>
  <Event_Enable>0</Event_Enable>
  <Notify_Type>0</Notify_Type>
  <Time_Delay>0</Time_Delay>
  <Alarm_Value>0</Alarm_Value>
  <Notification_Class>1</Notification_Class>
 </key>
 <key  number="1001341">
  <Object_Name>BI41</Object_Name>
  <Description>BINARY_INPUT 4</Description>
  <Device_Type>normal open</Device_Type>
  <Inactive_Text>Off</Inactive_Text>
  <Active_Text>On</Active_Text>
  <Event_Enable>0</Event_Enable>
  <Notify_Type>0</Notify_Type>
  <Time_Delay>0</Time_Delay>
  <Alarm_Value>0</Alarm_Value>
  <Notification_Class>1</Notification_Class>
 </key>
 <key  number="1001342">
  <Object_Name>BI42</Object_Name>
  <Description>BI42</Description>
  <Device_Type>normal open</Device_Type>
  <Inactive_Text>Off</Inactive_Text>
  <Active_Text>On</Active_Text>
  <Event_Enable>0</Event_Enable>
  <Notify_Type>0</Notify_Type>
  <Time_Delay>0</Time_Delay>
  <Alarm_Value>0</Alarm_Value>
  <Notification_Class>1</Notification_Class>
 </key>
 <key  number="1001343">
  <Object_Name>BI43</Object_Name>
  <Description>BI43</Description>
  <Device_Type>normal open</Device_Type>
  <Inactive_Text>Off</Inactive_Text>
  <Active_Text>On</Active_Text>
  <Event_Enable>0</Event_Enable>
  <Notify_Type>0</Notify_Type>
  <Time_Delay>0</Time_Delay>
  <Alarm_Value>0</Alarm_Value>
  <Notification_Class>1</Notification_Class>
 </key>
 <key  number="1001344">
  <Object_Name>BI44</Object_Name>
  <Description>BI44</Description>
  <Device_Type>normal open</Device_Type>
  <Inactive_Text>Off</Inactive_Text>
  <Active_Text>On</Active_Text>
  <Event_Enable>0</Event_Enable>
  <Notify_Type>0</Notify_Type>
  <Time_Delay>0</Time_Delay>
  <Alarm_Value>0</Alarm_Value>
  <Notification_Class>1</Notification_Class>
 </key>
 <key  number="1001345">
  <Object_Name>BI45</Object_Name>
  <Description>BI45</Description>
  <Device_Type>normal open</Device_Type>
  <Inactive_Text>Off</Inactive_Text>
  <Active_Text>On</Active_Text>
  <Event_Enable>0</Event_Enable>
  <Notify_Type>0</Notify_Type>
  <Time_Delay>0</Time_Delay>
  <Alarm_Value>0</Alarm_Value>
  <Notification_Class>1</Notification_Class>
 </key>
 <key  number="1001346">
  <Object_Name>BI46</Object_Name>
  <Description>BI46</Description>
  <Device_Type>normal open</Device_Type>
  <Inactive_Text>Off</Inactive_Text>
  <Active_Text>On</Active_Text>
  <Event_Enable>0</Event_Enable>
  <Notify_Type>0</Notify_Type>
  <Time_Delay>0</Time_Delay>
  <Alarm_Value>0</Alarm_Value>
  <Notification_Class>1</Notification_Class>
 </key>
 <key  number="1001347">
  <Object_Name>BI47</Object_Name>
  <Description>BI47</Description>
  <Device_Type>normal open</Device_Type>
  <Inactive_Text>Off</Inactive_Text>
  <Active_Text>On</Active_Text>
  <Event_Enable>0</Event_Enable>
  <Notify_Type>0</Notify_Type>
  <Time_Delay>0</Time_Delay>
  <Alarm_Value>0</Alarm_Value>
  <Notification_Class>1</Notification_Class>
 </key>
 <key  number="1001348">
  <Object_Name>BI48</Object_Name>
  <Description>BI48</Description>
  <Device_Type>normal open</Device_Type>
  <Inactive_Text>Off</Inactive_Text>
  <Active_Text>On</Active_Text>
  <Event_Enable>0</Event_Enable>
  <Notify_Type>0</Notify_Type>
  <Time_Delay>0</Time_Delay>
  <Alarm_Value>0</Alarm_Value>
  <Notification_Class>1</Notification_Class>
 </key>
 <key  number="1001421">
  <Object_Name>BO21</Object_Name>
  <Description>BO21</Description>
  <Device_Type>normal</Device_Type>
  <Inactive_Text>Off</Inactive_Text>
  <Active_Text>On</Active_Text>
  <Event_Enable>0</Event_Enable>
  <Notify_Type>0</Notify_Type>
  <Time_Delay>0</Time_Delay>
  <Alarm_Value>0</Alarm_Value>
  <Notification_Class>1</Notification_Class>
 </key>
 <key  number="1001422">
  <Object_Name>BO22</Object_Name>
  <Description>BO22</Description>
  <Device_Type>normal</Device_Type>
  <Inactive_Text>Off</Inactive_Text>
  <Active_Text>On</Active_Text>
  <Event_Enable>0</Event_Enable>
  <Notify_Type>0</Notify_Type>
  <Time_Delay>0</Time_Delay>
  <Alarm_Value>0</Alarm_Value>
  <Notification_Class>1</Notification_Class>
 </key>
 <key  number="1001423">
  <Object_Name>BO23</Object_Name>
  <Description>BO23</Description>
  <Device_Type>normal</Device_Type>
  <Inactive_Text>Off</Inactive_Text>
  <Active_Text>On</Active_Text>
  <Event_Enable>0</Event_Enable>
  <Notify_Type>0</Notify_Type>
  <Time_Delay>0</Time_Delay>
  <Alarm_Value>0</Alarm_Value>
  <Notification_Class>1</Notification_Class>
 </key>
 <key  number="1001424">
  <Object_Name>BO24</Object_Name>
  <Description>BO24</Description>
  <Device_Type>normal</Device_Type>
  <Inactive_Text>Off</Inactive_Text>
  <Active_Text>On</Active_Text>
  <Event_Enable>0</Event_Enable>
  <Notify_Type>0</Notify_Type>
  <Time_Delay>0</Time_Delay>
  <Alarm_Value>0</Alarm_Value>
  <Notification_Class>1</Notification_Class>
 </key>
 <key  number="1001431">
  <Object_Name>BO31</Object_Name>
  <Description>BO31</Description>
  <Device_Type>normal</Device_Type>
  <Inactive_Text>Off</Inactive_Text>
  <Active_Text>On</Active_Text>
  <Event_Enable>0</Event_Enable>
  <Notify_Type>0</Notify_Type>
  <Time_Delay>0</Time_Delay>
  <Alarm_Value>0</Alarm_Value>
  <Notification_Class>1</Notification_Class>
 </key>
 <key  number="1001432">
  <Object_Name>BO32</Object_Name>
  <Description>BO32</Description>
  <Device_Type>normal</Device_Type>
  <Inactive_Text>Off</Inactive_Text>
  <Active_Text>On</Active_Text>
  <Event_Enable>0</Event_Enable>
  <Notify_Type>0</Notify_Type>
  <Time_Delay>0</Time_Delay>
  <Alarm_Value>0</Alarm_Value>
  <Notification_Class>1</Notification_Class>
 </key>
 <key  number="1001433">
  <Object_Name>BO33</Object_Name>
  <Description>BO33</Description>
  <Device_Type>normal</Device_Type>
  <Inactive_Text>Off</Inactive_Text>
  <Active_Text>On</Active_Text>
  <Event_Enable>0</Event_Enable>
  <Notify_Type>0</Notify_Type>
  <Time_Delay>0</Time_Delay>
  <Alarm_Value>0</Alarm_Value>
  <Notification_Class>1</Notification_Class>
 </key>
 <key  number="1001434">
  <Object_Name>BO34</Object_Name>
  <Description>BO34</Description>
  <Device_Type>normal</Device_Type>
  <Inactive_Text>Off</Inactive_Text>
  <Active_Text>On</Active_Text>
  <Event_Enable>0</Event_Enable>
  <Notify_Type>0</Notify_Type>
  <Time_Delay>0</Time_Delay>
  <Alarm_Value>0</Alarm_Value>
  <Notification_Class>1</Notification_Class>
 </key>
 <key  number="1001441">
  <Object_Name>BO41</Object_Name>
  <Description>BO41</Description>
  <Device_Type>normal</Device_Type>
  <Inactive_Text>Off</Inactive_Text>
  <Active_Text>On</Active_Text>
  <Event_Enable>0</Event_Enable>
  <Notify_Type>0</Notify_Type>
  <Time_Delay>0</Time_Delay>
  <Alarm_Value>0</Alarm_Value>
  <Notification_Class>1</Notification_Class>
 </key>
 <key  number="1001442">
  <Object_Name>BO42</Object_Name>
  <Description>BO42</Description>
  <Device_Type>normal</Device_Type>
  <Inactive_Text>Off</Inactive_Text>
  <Active_Text>On</Active_Text>
  <Event_Enable>0</Event_Enable>
  <Notify_Type>0</Notify_Type>
  <Time_Delay>0</Time_Delay>
  <Alarm_Value>0</Alarm_Value>
  <Notification_Class>1</Notification_Class>
 </key>
 <key  number="1001443">
  <Object_Name>BO43</Object_Name>
  <Description>BO43</Description>
  <Device_Type>normal</Device_Type>
  <Inactive_Text>Off</Inactive_Text>
  <Active_Text>On</Active_Text>
  <Event_Enable>0</Event_Enable>
  <Notify_Type>0</Notify_Type>
  <Time_Delay>0</Time_Delay>
  <Alarm_Value>0</Alarm_Value>
  <Notification_Class>1</Notification_Class>
 </key>
 <key  number="1001444">
  <Object_Name>BO44</Object_Name>
  <Description>BO44</Description>
  <Device_Type>normal</Device_Type>
  <Inactive_Text>Off</Inactive_Text>
  <Active_Text>On</Active_Text>
  <Event_Enable>0</Event_Enable>
  <Notify_Type>0</Notify_Type>
  <Time_Delay>0</Time_Delay>
  <Alarm_Value>0</Alarm_Value>
  <Notification_Class>1</Notification_Class>
 </key>
 <key  number="9999001">
  <Object_Name>UI1 </Object_Name>
  <Offset>0.100</Offset>
  <Description>ANALOG INPUT 1</Description>
  <Device_Type>NTC20K</Device_Type>
  <Units>98</Units>
  <Min_Pres_Value>0.00</Min_Pres_Value>
  <Max_Pres_Value>100.000</Max_Pres_Value>
  <COV_Increment>1.000</COV_Increment>
  <High_Limit>100.000</High_Limit>
  <Low_Limit>0.000</Low_Limit>
  <Deadband>0.000</Deadband>
  <Limit_Enable>0</Limit_Enable>
  <Event_Enable>0</Event_Enable>
  <Notify_Type>0</Notify_Type>
  <Time_Delay>0</Time_Delay>
  <Notification_Class>1</Notification_Class>
 </key>
 <key  number="9999002">
  <Object_Name>UI2 </Object_Name>
  <Offset>0.000</Offset>
  <Description>ANALOG INPUT2</Description>
  <Device_Type>NTC20K</Device_Type>
  <Units>98</Units>
  <Min_Pres_Value>0.000</Min_Pres_Value>
  <Max_Pres_Value>100.000</Max_Pres_Value>
  <COV_Increment>1.000</COV_Increment>
  <High_Limit>100.000</High_Limit>
  <Low_Limit>0.000</Low_Limit>
  <Deadband>0.000</Deadband>
  <Limit_Enable>0</Limit_Enable>
  <Event_Enable>0</Event_Enable>
  <Notify_Type>0</Notify_Type>
  <Time_Delay>0</Time_Delay>
  <Notification_Class>1</Notification_Class>
 </key>
 <key  number="9999003">
  <Object_Name>UI3 </Object_Name>
  <Offset>0.000</Offset>
  <Description>ANALOG INPUT3</Description>
  <Device_Type>NTC20K</Device_Type>
  <Units>98</Units>
  <Min_Pres_Value>0.000</Min_Pres_Value>
  <Max_Pres_Value>100.000</Max_Pres_Value>
  <COV_Increment>1.000</COV_Increment>
  <High_Limit>100.000</High_Limit>
  <Low_Limit>0.000</Low_Limit>
  <Deadband>0.000</Deadband>
  <Limit_Enable>0</Limit_Enable>
  <Event_Enable>0</Event_Enable>
  <Notify_Type>0</Notify_Type>
  <Time_Delay>0</Time_Delay>
  <Notification_Class>1</Notification_Class>
 </key>
 <key  number="9999004">
  <Object_Name>UI4 </Object_Name>
  <Offset>0.000</Offset>
  <Description>ANALOG INPUT4</Description>
  <Device_Type>NTC20K</Device_Type>
  <Units>98</Units>
  <Min_Pres_Value>0.000</Min_Pres_Value>
  <Max_Pres_Value>100.000</Max_Pres_Value>
  <COV_Increment>1.000</COV_Increment>
  <High_Limit>100.000</High_Limit>
  <Low_Limit>0.000</Low_Limit>
  <Deadband>0.000</Deadband>
  <Limit_Enable>0</Limit_Enable>
  <Event_Enable>0</Event_Enable>
  <Notify_Type>0</Notify_Type>
  <Time_Delay>0</Time_Delay>
  <Notification_Class>1</Notification_Class>
 </key>
 <key  number="9999005">
  <Object_Name>UI5 </Object_Name>
  <Offset>0.000</Offset>
  <Description>ANALOG INPUT3</Description>
  <Device_Type>NTC20K</Device_Type>
  <Units>98</Units>
  <Min_Pres_Value>0.000</Min_Pres_Value>
  <Max_Pres_Value>100.000</Max_Pres_Value>
  <COV_Increment>1.000</COV_Increment>
  <High_Limit>100.000</High_Limit>
  <Low_Limit>0.000</Low_Limit>
  <Deadband>0.000</Deadband>
  <Limit_Enable>0</Limit_Enable>
  <Event_Enable>0</Event_Enable>
  <Notify_Type>0</Notify_Type>
  <Time_Delay>0</Time_Delay>
  <Notification_Class>1</Notification_Class>
 </key>
 <key  number="9999006">
  <Object_Name>UI6 </Object_Name>
  <Offset>0.000</Offset>
  <Description>ANALOG INPUT3</Description>
  <Device_Type>NTC20K</Device_Type>
  <Units>98</Units>
  <Min_Pres_Value>0.000</Min_Pres_Value>
  <Max_Pres_Value>100.000</Max_Pres_Value>
  <COV_Increment>1.000</COV_Increment>
  <High_Limit>100.000</High_Limit>
  <Low_Limit>0.000</Low_Limit>
  <Deadband>0.000</Deadband>
  <Limit_Enable>0</Limit_Enable>
  <Event_Enable>0</Event_Enable>
  <Notify_Type>0</Notify_Type>
  <Time_Delay>0</Time_Delay>
  <Notification_Class>1</Notification_Class>
 </key>
 <key  number="9999101">
  <Object_Name>ANALOG OUTPUT1</Object_Name>
  <Offset>1.000</Offset>
  <Description>ANALOG OUTPUT1</Description>
  <Device_Type>0-10=0-100</Device_Type>
  <COV_Increment>0.500</COV_Increment>
  <High_Limit>100</High_Limit>
  <Low_Limit>0.000</Low_Limit>
  <Deadband>0.000</Deadband>
  <Limit_Enable>0</Limit_Enable>
  <Event_Enable>0</Event_Enable>
  <Notify_Type>0</Notify_Type>
  <Time_Delay>0</Time_Delay>
  <Notification_Class>1</Notification_Class>
 </key>
 <key  number="9999102">
  <Object_Name>ANALOG OUTPUT2</Object_Name>
  <Offset>1.000</Offset>
  <Description>ANALOG OUTPUT2</Description>
  <Device_Type>0-10=0-100</Device_Type>
  <COV_Increment>0.500</COV_Increment>
  <High_Limit>100</High_Limit>
  <Low_Limit>0.000</Low_Limit>
  <Deadband>0.000</Deadband>
  <Limit_Enable>0</Limit_Enable>
  <Event_Enable>0</Event_Enable>
  <Notify_Type>0</Notify_Type>
  <Time_Delay>0</Time_Delay>
  <Notification_Class>1</Notification_Class>
 </key>
 <key  number="9999103">
  <Object_Name>ANALOG OUTPUT3</Object_Name>
  <Offset>1.000</Offset>
  <Description>ANALOG OUTPUT 3</Description>
  <Device_Type>0-10=0-100</Device_Type>
  <COV_Increment>0.500</COV_Increment>
  <High_Limit>100</High_Limit>
  <Low_Limit>0.000</Low_Limit>
  <Deadband>0.000</Deadband>
  <Limit_Enable>0</Limit_Enable>
  <Event_Enable>0</Event_Enable>
  <Notify_Type>0</Notify_Type>
  <Time_Delay>0</Time_Delay>
  <Notification_Class>1</Notification_Class>
 </key>
 <key  number="9999104">
  <Object_Name>ANALOG OUTPUT4</Object_Name>
  <Offset>1.000</Offset>
  <Description>ANALOG OUTPUT4</Description>
  <Device_Type>0-10=0-100</Device_Type>
  <COV_Increment>0.500</COV_Increment>
  <High_Limit>100</High_Limit>
  <Low_Limit>0.000</Low_Limit>
  <Deadband>0.000</Deadband>
  <Limit_Enable>0</Limit_Enable>
  <Event_Enable>0</Event_Enable>
  <Notify_Type>0</Notify_Type>
  <Time_Delay>0</Time_Delay>
  <Notification_Class>1</Notification_Class>
 </key>
 <key  number="9999201">
  <Object_Name>ANALOG VALUE1</Object_Name>
  <Description>ANALOG VALUE 1</Description>
  <COV_Increment>0.500</COV_Increment>
  <High_Limit>100</High_Limit>
  <Low_Limit>0.000</Low_Limit>
  <Deadband>0.000</Deadband>
  <Limit_Enable>0</Limit_Enable>
  <Event_Enable>0</Event_Enable>
  <Notify_Type>0</Notify_Type>
  <Time_Delay>0</Time_Delay>
  <Notification_Class>1</Notification_Class>
 </key>
 <key  number="9999202">
  <Object_Name>ANALOG VALUE2</Object_Name>
  <Description>ANALOG VALUE 2</Description>
  <COV_Increment>0.500</COV_Increment>
  <High_Limit>100</High_Limit>
  <Low_Limit>0.000</Low_Limit>
  <Deadband>0.000</Deadband>
  <Limit_Enable>0</Limit_Enable>
  <Event_Enable>0</Event_Enable>
  <Notify_Type>0</Notify_Type>
  <Time_Delay>0</Time_Delay>
  <Notification_Class>1</Notification_Class>
 </key>
 <key  number="9999203">
  <Object_Name>ANALOG VALUE3</Object_Name>
  <Description>ANALOG VALUE3</Description>
  <COV_Increment>0.500</COV_Increment>
  <High_Limit>100</High_Limit>
  <Low_Limit>0.000</Low_Limit>
  <Deadband>0.000</Deadband>
  <Limit_Enable>0</Limit_Enable>
  <Event_Enable>0</Event_Enable>
  <Notify_Type>0</Notify_Type>
  <Time_Delay>0</Time_Delay>
  <Notification_Class>1</Notification_Class>
 </key>
 <key  number="9999204">
  <Object_Name>ANALOG VALUE4</Object_Name>
  <Description>ANALOG VALUE4</Description>
  <COV_Increment>0.500</COV_Increment>
  <High_Limit>100</High_Limit>
  <Low_Limit>0.000</Low_Limit>
  <Deadband>0.000</Deadband>
  <Limit_Enable>0</Limit_Enable>
  <Event_Enable>0</Event_Enable>
  <Notify_Type>0</Notify_Type>
  <Time_Delay>0</Time_Delay>
  <Notification_Class>1</Notification_Class>
 </key>
 <key  number="9999205">
  <Object_Name>ANALOG VALUE5</Object_Name>
  <Description>ANALOG VALUE5</Description>
  <COV_Increment>0.500</COV_Increment>
  <High_Limit>100</High_Limit>
  <Low_Limit>0.000</Low_Limit>
  <Deadband>0.000</Deadband>
  <Limit_Enable>0</Limit_Enable>
  <Event_Enable>0</Event_Enable>
  <Notify_Type>0</Notify_Type>
  <Time_Delay>0</Time_Delay>
  <Notification_Class>1</Notification_Class>
 </key>
 <key  number="9999301">
  <Object_Name>BINARY_INPUT1</Object_Name>
  <Description>BINARY_INPUT 1</Description>
  <Device>
  </Device>
  <Inactive_Text>Off</Inactive_Text>
  <Active_Text>On</Active_Text>
  <Event_Enable>0</Event_Enable>
  <Notify_Type>0</Notify_Type>
  <Time_Delay>0</Time_Delay>
  <Alarm_Value>0</Alarm_Value>
  <Notification_Class>1</Notification_Class>
 </key>
 <key  number="9999302">
  <Object_Name>BINARY_INPUT2</Object_Name>
  <Description>BINARY_INPUT 2</Description>
  <Device>
  </Device>
  <Inactive_Text>Off</Inactive_Text>
  <Active_Text>On</Active_Text>
  <Event_Enable>0</Event_Enable>
  <Notify_Type>0</Notify_Type>
  <Time_Delay>0</Time_Delay>
  <Alarm_Value>0</Alarm_Value>
  <Notification_Class>1</Notification_Class>
 </key>
 <key  number="9999303">
  <Object_Name>BINARY_INPUT3</Object_Name>
  <Description>BINARY_INPUT 3</Description>
  <Device>
  </Device>
  <Inactive_Text>Off</Inactive_Text>
  <Active_Text>On</Active_Text>
  <Event_Enable>0</Event_Enable>
  <Notify_Type>0</Notify_Type>
  <Time_Delay>0</Time_Delay>
  <Alarm_Value>0</Alarm_Value>
  <Notification_Class>1</Notification_Class>
 </key>
 <key  number="9999304">
  <Object_Name>BINARY_INPUT4</Object_Name>
  <Description>BINARY_INPUT 4</Description>
  <Device>
  </Device>
  <Inactive_Text>Off</Inactive_Text>
  <Active_Text>On</Active_Text>
  <Event_Enable>0</Event_Enable>
  <Notify_Type>0</Notify_Type>
  <Time_Delay>0</Time_Delay>
  <Alarm_Value>0</Alarm_Value>
  <Notification_Class>1</Notification_Class>
 </key>
 <key  number="9999305">
  <Object_Name>BINARY_INPUT5</Object_Name>
  <Description>BINARY_INPUT 5</Description>
  <Device>
  </Device>
  <Inactive_Text>Off</Inactive_Text>
  <Active_Text>On</Active_Text>
  <Event_Enable>0</Event_Enable>
  <Notify_Type>0</Notify_Type>
  <Time_Delay>0</Time_Delay>
  <Alarm_Value>0</Alarm_Value>
  <Notification_Class>1</Notification_Class>
 </key>
 <key  number="9999306">
  <Object_Name>BINARY_INPUT6</Object_Name>
  <Description>BINARY_INPUT 6</Description>
  <Device>
  </Device>
  <Inactive_Text>Off</Inactive_Text>
  <Active_Text>On</Active_Text>
  <Event_Enable>0</Event_Enable>
  <Notify_Type>0</Notify_Type>
  <Time_Delay>0</Time_Delay>
  <Alarm_Value>0</Alarm_Value>
  <Notification_Class>1</Notification_Class>
 </key>
 <key  number="9999307">
  <Object_Name>BINARY_INPUT7</Object_Name>
  <Description>BINARY_INPUT 7</Description>
  <Device>
  </Device>
  <Inactive_Text>Off</Inactive_Text>
  <Active_Text>On</Active_Text>
  <Event_Enable>0</Event_Enable>
  <Notify_Type>0</Notify_Type>
  <Time_Delay>0</Time_Delay>
  <Alarm_Value>0</Alarm_Value>
  <Notification_Class>1</Notification_Class>
 </key>
 <key  number="9999308">
  <Object_Name>BINARY_INPUT8</Object_Name>
  <Description>BINARY_INPUT 8</Description>
  <Device>
  </Device>
  <Inactive_Text>Off</Inactive_Text>
  <Active_Text>On</Active_Text>
  <Event_Enable>0</Event_Enable>
  <Notify_Type>0</Notify_Type>
  <Time_Delay>0</Time_Delay>
  <Alarm_Value>0</Alarm_Value>
  <Notification_Class>1</Notification_Class>
 </key>
 <key  number="9999401">
  <Object_Name>BO31</Object_Name>
  <Description>BO31</Description>
  <Device_Type>normal</Device_Type>
  <Inactive_Text>Off</Inactive_Text>
  <Active_Text>On</Active_Text>
  <Event_Enable>0</Event_Enable>
  <Notify_Type>0</Notify_Type>
  <Time_Delay>0</Time_Delay>
  <Alarm_Value>0</Alarm_Value>
  <Notification_Class>1</Notification_Class>
 </key>
 <key  number="9999401">
  <Object_Name>BINARY_OUTPUT 1</Object_Name>
  <Description>BINARY_OUTPUT 1</Description>
  <Device_Type>normal</Device_Type>
  <Inactive_Text>Off</Inactive_Text>
  <Active_Text>On</Active_Text>
  <Event_Enable>0</Event_Enable>
  <Notify_Type>0</Notify_Type>
  <Time_Delay>0</Time_Delay>
  <Alarm_Value>0</Alarm_Value>
  <Notification_Class>1</Notification_Class>
 </key>
 <key  number="9999402">
  <Object_Name>BO32</Object_Name>
  <Description>BO32</Description>
  <Device_Type>normal</Device_Type>
  <Inactive_Text>Off</Inactive_Text>
  <Active_Text>On</Active_Text>
  <Event_Enable>0</Event_Enable>
  <Notify_Type>0</Notify_Type>
  <Time_Delay>0</Time_Delay>
  <Alarm_Value>0</Alarm_Value>
  <Notification_Class>1</Notification_Class>
 </key>
 <key  number="9999402">
  <Object_Name>BINARY_OUTPUT 2</Object_Name>
  <Description>BINARY_OUTPUT 2</Description>
  <Device_Type>normal</Device_Type>
  <Inactive_Text>Off</Inactive_Text>
  <Active_Text>On</Active_Text>
  <Event_Enable>0</Event_Enable>
  <Notify_Type>0</Notify_Type>
  <Time_Delay>0</Time_Delay>
  <Alarm_Value>0</Alarm_Value>
  <Notification_Class>1</Notification_Class>
 </key>
 <key  number="9999403">
  <Object_Name>BINARY_OUTPUT 3</Object_Name>
  <Description>BINARY_OUTPUT 3</Description>
  <Device_Type>normal</Device_Type>
  <Inactive_Text>Off</Inactive_Text>
  <Active_Text>On</Active_Text>
  <Event_Enable>0</Event_Enable>
  <Notify_Type>0</Notify_Type>
  <Time_Delay>0</Time_Delay>
  <Alarm_Value>0</Alarm_Value>
  <Notification_Class>1</Notification_Class>
 </key>
 <key  number="9999403">
  <Object_Name>BO33</Object_Name>
  <Description>BO33</Description>
  <Device_Type>normal</Device_Type>
  <Inactive_Text>Off</Inactive_Text>
  <Active_Text>On</Active_Text>
  <Event_Enable>0</Event_Enable>
  <Notify_Type>0</Notify_Type>
  <Time_Delay>0</Time_Delay>
  <Alarm_Value>0</Alarm_Value>
  <Notification_Class>1</Notification_Class>
 </key>
 <key  number="9999404">
  <Object_Name>BO34</Object_Name>
  <Description>BO34</Description>
  <Device_Type>normal</Device_Type>
  <Inactive_Text>Off</Inactive_Text>
  <Active_Text>On</Active_Text>
  <Event_Enable>0</Event_Enable>
  <Notify_Type>0</Notify_Type>
  <Time_Delay>0</Time_Delay>
  <Alarm_Value>0</Alarm_Value>
  <Notification_Class>1</Notification_Class>
 </key>
 <key  number="9999404">
  <Object_Name>BINARY_OUTPUT 4</Object_Name>
  <Description>BINARY_OUTPUT 4</Description>
  <Device_Type>normal</Device_Type>
  <Inactive_Text>Off</Inactive_Text>
  <Active_Text>On</Active_Text>
  <Event_Enable>0</Event_Enable>
  <Notify_Type>0</Notify_Type>
  <Time_Delay>0</Time_Delay>
  <Alarm_Value>0</Alarm_Value>
  <Notification_Class>1</Notification_Class>
 </key>
 <key  number="9999405">
  <Object_Name>BINARY_OUTPUT 5</Object_Name>
  <Description>BINARY_OUTPUT 5</Description>
  <Device_Type>normal</Device_Type>
  <Inactive_Text>Off</Inactive_Text>
  <Active_Text>On</Active_Text>
  <Event_Enable>0</Event_Enable>
  <Notify_Type>0</Notify_Type>
  <Time_Delay>0</Time_Delay>
  <Alarm_Value>0</Alarm_Value>
  <Notification_Class>1</Notification_Class>
 </key>
 <key  number="9999406">
  <Object_Name>BINARY_OUTPUT 6</Object_Name>
  <Description>BINARY_OUTPUT 6</Description>
  <Device_Type>normal</Device_Type>
  <Inactive_Text>Off</Inactive_Text>
  <Active_Text>On</Active_Text>
  <Event_Enable>0</Event_Enable>
  <Notify_Type>0</Notify_Type>
  <Time_Delay>0</Time_Delay>
  <Alarm_Value>0</Alarm_Value>
  <Notification_Class>1</Notification_Class>
 </key>
 <key  number="9999501">
  <Object_Name>BINARY_VALUE1</Object_Name>
  <Description>BINARY_VALUE1</Description>
  <Device_Type>normal</Device_Type>
  <Inactive_Text>Off</Inactive_Text>
  <Active_Text>On</Active_Text>
  <Event_Enable>0</Event_Enable>
  <Notify_Type>0</Notify_Type>
  <Time_Delay>0</Time_Delay>
  <Alarm_Value>0</Alarm_Value>
  <Notification_Class>1</Notification_Class>
 </key>
 <key  number="9999502">
  <Object_Name>BINARY_VALUE2</Object_Name>
  <Description>BINARY_VALUE2</Description>
  <Device_Type>normal</Device_Type>
  <Inactive_Text>Off</Inactive_Text>
  <Active_Text>On</Active_Text>
  <Event_Enable>0</Event_Enable>
  <Notify_Type>0</Notify_Type>
  <Time_Delay>0</Time_Delay>
  <Alarm_Value>0</Alarm_Value>
  <Notification_Class>1</Notification_Class>
 </key>
 <key  number="9999503">
  <Object_Name>BINARY_VALUE3</Object_Name>
  <Description>BINARY_VALUE3</Description>
  <Device_Type>normal</Device_Type>
  <Inactive_Text>Off</Inactive_Text>
  <Active_Text>On</Active_Text>
  <Event_Enable>0</Event_Enable>
  <Notify_Type>0</Notify_Type>
  <Time_Delay>0</Time_Delay>
  <Alarm_Value>0</Alarm_Value>
  <Notification_Class>1</Notification_Class>
 </key>
 <key  number="9999504">
  <Object_Name>BINARY_VALUE4</Object_Name>
  <Description>BINARY_VALUE4</Description>
  <Device_Type>normal</Device_Type>
  <Inactive_Text>Off</Inactive_Text>
  <Active_Text>On</Active_Text>
  <Event_Enable>0</Event_Enable>
  <Notify_Type>0</Notify_Type>
  <Time_Delay>0</Time_Delay>
  <Alarm_Value>0</Alarm_Value>
  <Notification_Class>1</Notification_Class>
 </key>
 <key  number="9999505">
  <Object_Name>BINARY_VALUE5</Object_Name>
  <Description>BINARY_VALUE5</Description>
  <Device_Type>normal</Device_Type>
  <Inactive_Text>Off</Inactive_Text>
  <Active_Text>On</Active_Text>
  <Event_Enable>0</Event_Enable>
  <Notify_Type>0</Notify_Type>
  <Time_Delay>0</Time_Delay>
  <Alarm_Value>0</Alarm_Value>
  <Notification_Class>1</Notification_Class>
 </key>
 <key  number="9999801">
  <Object_Name>i1024Controller</Object_Name>
 </key>
</root>