<?xml version="1.0" encoding="UTF-8" standalone="no"?>
<root>
 <key number="1001351">
  <Object_Name>BI31</Object_Name>
  <Description>BINARY_INPUT 1</Description>
  <Device_Type>normal open</Device_Type>
  <Inactive_Text>Off</Inactive_Text>
  <Active_Text>On</Active_Text>
  <Event_Enable>0</Event_Enable>
  <Notify_Type>0</Notify_Type>
  <Time_Delay>0</Time_Delay>
  <Alarm_Value>0</Alarm_Value>
  <Notification_Class>1</Notification_Class>
 </key>
 <key number="1001352">
  <Object_Name>BI32</Object_Name>
  <Description>BI32</Description>
  <Device_Type>normal open</Device_Type>
  <Inactive_Text>Off</Inactive_Text>
  <Active_Text>On</Active_Text>
  <Event_Enable>0</Event_Enable>
  <Notify_Type>0</Notify_Type>
  <Time_Delay>0</Time_Delay>
  <Alarm_Value>0</Alarm_Value>
  <Notification_Class>1</Notification_Class>
 </key>
 <key number="1001353">
  <Object_Name>BI33</Object_Name>
  <Description>BI33</Description>
  <Device_Type>normal open</Device_Type>
  <Inactive_Text>Off</Inactive_Text>
  <Active_Text>On</Active_Text>
  <Event_Enable>0</Event_Enable>
  <Notify_Type>0</Notify_Type>
  <Time_Delay>0</Time_Delay>
  <Alarm_Value>0</Alarm_Value>
  <Notification_Class>1</Notification_Class>
 </key>
 <key number="1001354">
  <Object_Name>BI34</Object_Name>
  <Description>BI3 4</Description>
  <Device_Type>normal open</Device_Type>
  <Inactive_Text>Off</Inactive_Text>
  <Active_Text>On</Active_Text>
  <Event_Enable>0</Event_Enable>
  <Notify_Type>0</Notify_Type>
  <Time_Delay>0</Time_Delay>
  <Alarm_Value>0</Alarm_Value>
  <Notification_Class>1</Notification_Class>
 </key>
 <key number="1001355">
  <Object_Name>BI35</Object_Name>
  <Description>BI35</Description>
  <Device_Type>normal open</Device_Type>
  <Inactive_Text>Off</Inactive_Text>
  <Active_Text>On</Active_Text>
  <Event_Enable>0</Event_Enable>
  <Notify_Type>0</Notify_Type>
  <Time_Delay>0</Time_Delay>
  <Alarm_Value>0</Alarm_Value>
  <Notification_Class>1</Notification_Class>
 </key>
 <key number="1001356">
  <Object_Name>BI36</Object_Name>
  <Description>BI36</Description>
  <Device_Type>normal open</Device_Type>
  <Inactive_Text>Off</Inactive_Text>
  <Active_Text>On</Active_Text>
  <Event_Enable>0</Event_Enable>
  <Notify_Type>0</Notify_Type>
  <Time_Delay>0</Time_Delay>
  <Alarm_Value>0</Alarm_Value>
  <Notification_Class>1</Notification_Class>
 </key>
 <key number="1001357">
  <Object_Name>BI37</Object_Name>
  <Description>BI37</Description>
  <Device_Type>normal open</Device_Type>
  <Inactive_Text>Off</Inactive_Text>
  <Active_Text>On</Active_Text>
  <Event_Enable>0</Event_Enable>
  <Notify_Type>0</Notify_Type>
  <Time_Delay>0</Time_Delay>
  <Alarm_Value>0</Alarm_Value>
  <Notification_Class>1</Notification_Class>
 </key>
 <key number="1001358">
  <Object_Name>BI38</Object_Name>
  <Description>BI38</Description>
  <Device_Type>normal open</Device_Type>
  <Inactive_Text>Off</Inactive_Text>
  <Active_Text>On</Active_Text>
  <Event_Enable>0</Event_Enable>
  <Notify_Type>0</Notify_Type>
  <Time_Delay>0</Time_Delay>
  <Alarm_Value>0</Alarm_Value>
  <Notification_Class>1</Notification_Class>
 </key>
  <key number="1001451">
  <Object_Name>BO31</Object_Name>
  <Description>BO31</Description>
  <Device_Type>normal</Device_Type>
  <Inactive_Text>Off</Inactive_Text>
  <Active_Text>On</Active_Text>
  <Event_Enable>0</Event_Enable>
  <Notify_Type>0</Notify_Type>
  <Time_Delay>0</Time_Delay>
  <Alarm_Value>0</Alarm_Value>
  <Notification_Class>1</Notification_Class>
 </key>
 <key number="1001452">
  <Object_Name>BO32</Object_Name>
  <Description>BO32</Description>
  <Device_Type>normal</Device_Type>
  <Inactive_Text>Off</Inactive_Text>
  <Active_Text>On</Active_Text>
  <Event_Enable>0</Event_Enable>
  <Notify_Type>0</Notify_Type>
  <Time_Delay>0</Time_Delay>
  <Alarm_Value>0</Alarm_Value>
  <Notification_Class>1</Notification_Class>
 </key>
 <key number="1001453">
  <Object_Name>BO33</Object_Name>
  <Description>BO33</Description>
  <Device_Type>normal</Device_Type>
  <Inactive_Text>Off</Inactive_Text>
  <Active_Text>On</Active_Text>
  <Event_Enable>0</Event_Enable>
  <Notify_Type>0</Notify_Type>
  <Time_Delay>0</Time_Delay>
  <Alarm_Value>0</Alarm_Value>
  <Notification_Class>1</Notification_Class>
 </key>
 <key number="1001454">
  <Object_Name>BO34</Object_Name>
  <Description>BO34</Description>
  <Device_Type>normal</Device_Type>
  <Inactive_Text>Off</Inactive_Text>
  <Active_Text>On</Active_Text>
  <Event_Enable>0</Event_Enable>
  <Notify_Type>0</Notify_Type>
  <Time_Delay>0</Time_Delay>
  <Alarm_Value>0</Alarm_Value>
  <Notification_Class>1</Notification_Class>
 </key>
<key number="1001555">
  <Object_Name>BV25</Object_Name>
  <Description>BV25</Description>
  <Device_Type>normal</Device_Type>
  <Inactive_Text>Off</Inactive_Text>
  <Active_Text>On</Active_Text>
  <Event_Enable>0</Event_Enable>
  <Notify_Type>0</Notify_Type>
  <Time_Delay>0</Time_Delay>
  <Alarm_Value>0</Alarm_Value>
  <Notification_Class>1</Notification_Class>
 </key>
</root>
