{
  "index": {
    "items": [
      {
        "x": 103,
        "y": 222,
        "width": 100,
        "height": 100,
        "isBind": true,
        "itype": 2,
        "ip": "192.168.253.253",
        "port": "6379",
        "nodename": "1001102",
        "type": "Present_Value",
        "linkValue": false,
        "zindex": 20,
        "fontcolor": "#ffffff",
        "font": "normal normal normal normal 15px / 100px helvetica, arial, verdana, sans-serif",
        "boxShadow": "1px 1px 1px #FFFFFF",
        "background": "",
        "Priority_For_Writing": 8,
        "priorityValue": "NULL",
        "isBindPriority": true,
        "name": ""
      },
      {
        "x": 258,
        "y": 233,
        "width": 100,
        "height": 100,
        "isBind": true,
        "itype": 2,
        "ip": "192.168.253.253",
        "port": "6379",
        "nodename": "1001502",
        "type": "Limit_Enable",
        "linkValue": false,
        "zindex": "20",
        "fontcolor": "#ffffff",
        "font": "normal normal normal normal 15px / 100px helvetica, arial, verdana, sans-serif",
        "boxShadow": "1px 1px 1px #FFFFFF",
        "background": "",
        "Priority_For_Writing": 8,
        "priorityValue": "",
        "isBindPriority": true,
        "name": ""
      }
    ],
    "width": 375,
    "height": 667,
    "bodyColor": "rgb(35, 45, 56)"
  },
  "aaa": {
    "items": [
      {
        "x": 117,
        "y": 5,
        "width": 100,
        "height": 100,
        "isBind": true,
        "itype": 5,
        "ip": "192.168.253.253",
        "port": "6379",
        "nodename": "1001003",
        "type": "Object_Name",
        "linkValue": "ANALOG INPUT3 ",
        "zindex": "15",
        "fontcolor": "#ffffff",
        "font": "normal normal normal normal 15px / 100px helvetica, arial, verdana, sans-serif",
        "boxShadow": "1px 1px 1px #FFFFFF",
        "background": "white url(resources/SvgHvac/boolean/pDeckLimited.png)  no-repeat  scroll  center",
        "backgroundColor": "white",
        "backgroundImage": "resources/SvgHvac/boolean/pDeckLimited.png",
        "name": "",
        "text": "null",
        "dynamictext": "null"
      },
      {
        "x": 228,
        "y": 131,
        "width": 100,
        "height": 100,
        "isBind": true,
        "itype": 2,
        "ip": "192.168.253.253",
        "port": "6379",
        "nodename": "1001001",
        "type": "Object_Name",
        "linkValue": "wwww",
        "zindex": "20",
        "fontcolor": "#ffffff",
        "font": "normal normal normal normal 15px / 100px helvetica, arial, verdana, sans-serif",
        "boxShadow": "1px 1px 1px #FFFFFF",
        "background": "blue url(resources/SvgHvac/boolean/pDeckVacancy.png)  no-repeat  scroll  center",
        "backgroundColor": "blue",
        "backgroundImage": "resources/SvgHvac/boolean/pDeckVacancy.png",
        "name": ""
      },
      {
        "x": -9,
        "y": 421,
        "width": 100,
        "height": 100,
        "isBind": "on",
        "itype": 3,
        "linkValue": "index",
        "zindex": "15",
        "fontcolor": "#ffffff",
        "font": "normal normal normal normal 15px / 100px helvetica, arial, verdana, sans-serif",
        "boxShadow": "1px 1px 1px #FFFFFF",
        "background": "red url()  no-repeat  scroll  center",
        "backgroundColor": "red",
        "name": ""
      },
      {
        "x": 228,
        "y": 305,
        "width": 100,
        "height": 100,
        "itype": 4,
        "zindex": "20",
        "fontcolor": "#ffffff",
        "font": "normal normal normal normal 15px / normal normal",
        "boxShadow": "1px 1px 1px #FFFFFF",
        "background": "gray url(resources/SvgHvac/boolean/pDeckFull.png)  no-repeat  scroll  center",
        "backgroundColor": "gray",
        "backgroundImage": "resources/SvgHvac/boolean/pDeckFull.png",
        "name": "",
        "text": "null"
      },
      {
        "x": 1,
        "y": 4,
        "width": 100,
        "height": 100,
        "itype": 5,
        "zindex": "15",
        "fontcolor": "#0000ff",
        "font": "normal normal normal normal 15px / 100px helvetica, arial, verdana, sans-serif",
        "boxShadow": "1px 1px 1px #FFFFFF",
        "background": "white url(resources/SvgHvac/boolean/pDeckLimited.png)  no-repeat  scroll  center",
        "backgroundColor": "white",
        "backgroundImage": "resources/SvgHvac/boolean/pDeckLimited.png",
        "name": "",
        "text": "null",
        "dynamictext": "null"
      },
      {
        "x": 242,
        "y": 2,
        "width": 100,
        "height": 100,
        "isBind": true,
        "itype": 2,
        "ip": "192.168.253.253",
        "port": "6379",
        "nodename": "1001001",
        "type": "Offset",
        "linkValue": "1",
        "zindex": "20",
        "fontcolor": "#ffffff",
        "font": "normal normal normal normal 15px / 100px helvetica, arial, verdana, sans-serif",
        "boxShadow": "1px 1px 1px #FFFFFF",
        "background": "blue url(resources/SvgHvac/boolean/pDeckVacancy.png)  no-repeat  scroll  center",
        "backgroundColor": "blue",
        "backgroundImage": "resources/SvgHvac/boolean/pDeckVacancy.png",
        "name": ""
      },
      {
        "x": 230,
        "y": 421,
        "width": 100,
        "height": 100,
        "itype": 4,
        "zindex": "20",
        "fontcolor": "#ffffff",
        "font": "normal normal normal normal 15px / normal normal",
        "boxShadow": "1px 1px 1px #FFFFFF",
        "background": "gray url(resources/SvgHvac/boolean/pDeckFull.png)  no-repeat  scroll  center",
        "backgroundColor": "gray",
        "backgroundImage": "resources/SvgHvac/boolean/pDeckFull.png",
        "name": "",
        "text": "null"
      },
      {
        "x": 3,
        "y": 301,
        "width": 100,
        "height": 100,
        "isBind": "on",
        "itype": 3,
        "linkValue": "index",
        "zindex": "15",
        "fontcolor": "#ffffff",
        "font": "normal normal normal normal 15px / 100px helvetica, arial, verdana, sans-serif",
        "boxShadow": "1px 1px 1px #FFFFFF",
        "background": "red url()  no-repeat  scroll  center",
        "backgroundColor": "red",
        "name": ""
      },
      {
        "x": 8,
        "y": 136,
        "width": 100,
        "height": 100,
        "itype": 5,
        "zindex": "15",
        "fontcolor": "#ffffff",
        "font": "normal normal normal normal 15px / 100px helvetica, arial, verdana, sans-serif",
        "boxShadow": "1px 1px 1px #FFFFFF",
        "background": "white url(resources/SvgHvac/boolean/pDeckLimited.png)  no-repeat  scroll  center",
        "backgroundColor": "white",
        "backgroundImage": "resources/SvgHvac/boolean/pDeckLimited.png",
        "name": "",
        "text": "null",
        "dynamictext": "null"
      },
      {
        "x": 105,
        "y": 132,
        "width": 100,
        "height": 100,
        "itype": 5,
        "zindex": "15",
        "fontcolor": "#ffffff",
        "font": "normal normal normal normal 15px / 100px helvetica, arial, verdana, sans-serif",
        "boxShadow": "1px 1px 1px #FFFFFF",
        "background": "white url(resources/SvgHvac/boolean/pDeckLimited.png)  no-repeat  scroll  center",
        "backgroundColor": "white",
        "backgroundImage": "resources/SvgHvac/boolean/pDeckLimited.png",
        "name": "",
        "text": "null",
        "dynamictext": "null"
      },
      {
        "x": 354,
        "y": 13,
        "width": 100,
        "height": 100,
        "isBind": true,
        "itype": 2,
        "ip": "192.168.253.253",
        "port": "6379",
        "nodename": "1001001",
        "type": "Object_Name",
        "linkValue": "wwww",
        "zindex": "20",
        "fontcolor": "#ffffff",
        "font": "normal normal normal normal 15px / 100px helvetica, arial, verdana, sans-serif",
        "boxShadow": "1px 1px 1px #FFFFFF",
        "background": "blue url(resources/SvgHvac/boolean/pDeckVacancy.png)  no-repeat  scroll  center",
        "backgroundColor": "blue",
        "backgroundImage": "resources/SvgHvac/boolean/pDeckVacancy.png",
        "name": ""
      },
      {
        "x": 336,
        "y": 122,
        "width": 100,
        "height": 100,
        "isBind": true,
        "itype": 2,
        "ip": "192.168.253.253",
        "port": "6379",
        "nodename": "1001001",
        "type": "Object_Name",
        "linkValue": "wwww",
        "zindex": "20",
        "fontcolor": "#ffffff",
        "font": "normal normal normal normal 15px / 100px helvetica, arial, verdana, sans-serif",
        "boxShadow": "1px 1px 1px #FFFFFF",
        "background": "blue url(resources/SvgHvac/boolean/pDeckVacancy.png)  no-repeat  scroll  center",
        "backgroundColor": "blue",
        "backgroundImage": "resources/SvgHvac/boolean/pDeckVacancy.png",
        "name": ""
      },
      {
        "x": 344,
        "y": 307,
        "width": 100,
        "height": 100,
        "itype": 4,
        "zindex": "20",
        "fontcolor": "#ffffff",
        "font": "normal normal normal normal 15px / normal normal",
        "boxShadow": "1px 1px 1px #FFFFFF",
        "background": "gray url(resources/SvgHvac/boolean/pDeckFull.png)  no-repeat  scroll  center",
        "backgroundColor": "gray",
        "backgroundImage": "resources/SvgHvac/boolean/pDeckFull.png",
        "name": "",
        "text": "null"
      },
      {
        "x": 358,
        "y": 423,
        "width": 100,
        "height": 100,
        "itype": 4,
        "zindex": "20",
        "fontcolor": "#ffffff",
        "font": "normal normal normal normal 15px / normal normal",
        "boxShadow": "1px 1px 1px #FFFFFF",
        "background": "gray url(resources/SvgHvac/boolean/pDeckFull.png)  no-repeat  scroll  center",
        "backgroundColor": "gray",
        "backgroundImage": "resources/SvgHvac/boolean/pDeckFull.png",
        "name": "",
        "text": "null"
      },
      {
        "x": 116,
        "y": 296,
        "width": 100,
        "height": 100,
        "isBind": "on",
        "itype": 3,
        "linkValue": "index",
        "zindex": "15",
        "fontcolor": "#ffffff",
        "font": "normal normal normal normal 15px / 100px helvetica, arial, verdana, sans-serif",
        "boxShadow": "1px 1px 1px #FFFFFF",
        "background": "red url()  no-repeat  scroll  center",
        "backgroundColor": "red",
        "name": ""
      },
      {
        "x": 116,
        "y": 415,
        "width": 83,
        "height": 100,
        "isBind": "on",
        "itype": 3,
        "linkValue": "index",
        "zindex": "15",
        "fontcolor": "#ffffff",
        "font": "normal normal normal normal 15px / 100px helvetica, arial, verdana, sans-serif",
        "boxShadow": "1px 1px 1px #FFFFFF",
        "background": "red url()  no-repeat  scroll  center",
        "backgroundColor": "red",
        "name": ""
      }
    ],
    "width": 952,
    "height": 667,
    "bodyColor": "rgb(35, 45, 56)"
  },
  "untitled1": {
    "items": [
      {
        "x": 141,
        "y": 246,
        "width": 100,
        "height": 100,
        "itype": 3,
        "zindex": "15",
        "fontcolor": "#ffffff",
        "font": "normal normal normal normal 15px / 17px helvetica, arial, verdana, sans-serif",
        "boxShadow": "1px 1px 1px #FFFFFF",
        "fontPostion": 40,
        "background": "",
        "name": "",
        "aliasName": ""
      }
    ],
    "width": 375,
    "height": 667,
    "bodyColor": "rgb(35, 45, 56)"
  },
  "untitled2": {
    "items": [
      {
        "x": 141,
        "y": 246,
        "width": 100,
        "height": 100,
        "itype": 3,
        "zindex": "15",
        "fontcolor": "#ffffff",
        "font": "normal normal normal normal 15px / 17px helvetica, arial, verdana, sans-serif",
        "boxShadow": "1px 1px 1px #FFFFFF",
        "fontPostion": 40,
        "background": "",
        "name": "",
        "aliasName": ""
      }
    ],
    "width": 375,
    "height": 667,
    "bodyColor": "rgb(35, 45, 56)"
  }
}