<?xml version="1.0" encoding="UTF-8" standalone="no"?>
<root>
 <AI_count>6</AI_count>
 <AO_count>4</AO_count>
 <AV_count>5</AV_count>
 <BI_count>24</BI_count>
 <BO_count>10</BO_count>
 <BV_count>6</BV_count>
 <SCHEDULE_count>0</SCHEDULE_count>
 <key  number="1232001">
  <Object_Name>UI1 </Object_Name>
  <Offset>0.100</Offset>
  <Description>ANALOG INPUT 1</Description>
  <Device_Type>NTC20K</Device_Type>
  <Units>98</Units>
  <Min_Pres_Value>0.00</Min_Pres_Value>
  <Max_Pres_Value>100.000</Max_Pres_Value>
  <COV_Increment>1.000</COV_Increment>
  <High_Limit>100.000</High_Limit>
  <Low_Limit>0.000</Low_Limit>
  <Deadband>0.000</Deadband>
  <Limit_Enable>0</Limit_Enable>
  <Event_Enable>0</Event_Enable>
  <Notify_Type>0</Notify_Type>
  <Time_Delay>0</Time_Delay>
  <Notification_Class>1</Notification_Class>
 </key>
 <key  number="1232002">
  <Object_Name>UI2 </Object_Name>
  <Offset>0.000</Offset>
  <Description>ANALOG INPUT2</Description>
  <Device_Type>NTC20K</Device_Type>
  <Units>98</Units>
  <Min_Pres_Value>0.000</Min_Pres_Value>
  <Max_Pres_Value>100.000</Max_Pres_Value>
  <COV_Increment>1.000</COV_Increment>
  <High_Limit>100.000</High_Limit>
  <Low_Limit>0.000</Low_Limit>
  <Deadband>0.000</Deadband>
  <Limit_Enable>0</Limit_Enable>
  <Event_Enable>0</Event_Enable>
  <Notify_Type>0</Notify_Type>
  <Time_Delay>0</Time_Delay>
  <Notification_Class>1</Notification_Class>
 </key>
 <key  number="1232003">
  <Object_Name>UI3 </Object_Name>
  <Offset>0.000</Offset>
  <Description>ANALOG INPUT3</Description>
  <Device_Type>NTC20K</Device_Type>
  <Units>98</Units>
  <Min_Pres_Value>0.000</Min_Pres_Value>
  <Max_Pres_Value>100.000</Max_Pres_Value>
  <COV_Increment>1.000</COV_Increment>
  <High_Limit>100.000</High_Limit>
  <Low_Limit>0.000</Low_Limit>
  <Deadband>0.000</Deadband>
  <Limit_Enable>0</Limit_Enable>
  <Event_Enable>0</Event_Enable>
  <Notify_Type>0</Notify_Type>
  <Time_Delay>0</Time_Delay>
  <Notification_Class>1</Notification_Class>
 </key>
 <key  number="1232004">
  <Object_Name>UI4 </Object_Name>
  <Offset>0.000</Offset>
  <Description>ANALOG INPUT4</Description>
  <Device_Type>NTC20K</Device_Type>
  <Units>98</Units>
  <Min_Pres_Value>0.000</Min_Pres_Value>
  <Max_Pres_Value>100.000</Max_Pres_Value>
  <COV_Increment>1.000</COV_Increment>
  <High_Limit>100.000</High_Limit>
  <Low_Limit>0.000</Low_Limit>
  <Deadband>0.000</Deadband>
  <Limit_Enable>0</Limit_Enable>
  <Event_Enable>0</Event_Enable>
  <Notify_Type>0</Notify_Type>
  <Time_Delay>0</Time_Delay>
  <Notification_Class>1</Notification_Class>
 </key>
 <key  number="1232005">
  <Object_Name>UI5 </Object_Name>
  <Offset>0.000</Offset>
  <Description>ANALOG INPUT3</Description>
  <Device_Type>NTC20K</Device_Type>
  <Units>98</Units>
  <Min_Pres_Value>0.000</Min_Pres_Value>
  <Max_Pres_Value>100.000</Max_Pres_Value>
  <COV_Increment>1.000</COV_Increment>
  <High_Limit>100.000</High_Limit>
  <Low_Limit>0.000</Low_Limit>
  <Deadband>0.000</Deadband>
  <Limit_Enable>0</Limit_Enable>
  <Event_Enable>0</Event_Enable>
  <Notify_Type>0</Notify_Type>
  <Time_Delay>0</Time_Delay>
  <Notification_Class>1</Notification_Class>
 </key>
 <key  number="1232006">
  <Object_Name>UI6 </Object_Name>
  <Offset>0.000</Offset>
  <Description>ANALOG INPUT3</Description>
  <Device_Type>NTC20K</Device_Type>
  <Units>98</Units>
  <Min_Pres_Value>0.000</Min_Pres_Value>
  <Max_Pres_Value>100.000</Max_Pres_Value>
  <COV_Increment>1.000</COV_Increment>
  <High_Limit>100.000</High_Limit>
  <Low_Limit>0.000</Low_Limit>
  <Deadband>0.000</Deadband>
  <Limit_Enable>0</Limit_Enable>
  <Event_Enable>0</Event_Enable>
  <Notify_Type>0</Notify_Type>
  <Time_Delay>0</Time_Delay>
  <Notification_Class>1</Notification_Class>
 </key>
 <key  number="1232101">
  <Object_Name>ANALOG OUTPUT1</Object_Name>
  <Offset>1.000</Offset>
  <Description>ANALOG OUTPUT1</Description>
  <Device_Type>0-10=0-100</Device_Type>
  <COV_Increment>0.500</COV_Increment>
  <High_Limit>100</High_Limit>
  <Low_Limit>0.000</Low_Limit>
  <Deadband>0.000</Deadband>
  <Limit_Enable>0</Limit_Enable>
  <Event_Enable>0</Event_Enable>
  <Notify_Type>0</Notify_Type>
  <Time_Delay>0</Time_Delay>
  <Notification_Class>1</Notification_Class>
 </key>
 <key  number="1232102">
  <Object_Name>ANALOG OUTPUT2</Object_Name>
  <Offset>1.000</Offset>
  <Description>ANALOG OUTPUT2</Description>
  <Device_Type>0-10=0-100</Device_Type>
  <COV_Increment>0.500</COV_Increment>
  <High_Limit>100</High_Limit>
  <Low_Limit>0.000</Low_Limit>
  <Deadband>0.000</Deadband>
  <Limit_Enable>0</Limit_Enable>
  <Event_Enable>0</Event_Enable>
  <Notify_Type>0</Notify_Type>
  <Time_Delay>0</Time_Delay>
  <Notification_Class>1</Notification_Class>
 </key>
 <key  number="1232103">
  <Object_Name>ANALOG OUTPUT3</Object_Name>
  <Offset>1.000</Offset>
  <Description>ANALOG OUTPUT 3</Description>
  <Device_Type>0-10=0-100</Device_Type>
  <COV_Increment>0.500</COV_Increment>
  <High_Limit>100</High_Limit>
  <Low_Limit>0.000</Low_Limit>
  <Deadband>0.000</Deadband>
  <Limit_Enable>0</Limit_Enable>
  <Event_Enable>0</Event_Enable>
  <Notify_Type>0</Notify_Type>
  <Time_Delay>0</Time_Delay>
  <Notification_Class>1</Notification_Class>
 </key>
 <key  number="1232104">
  <Object_Name>ANALOG OUTPUT4</Object_Name>
  <Offset>1.000</Offset>
  <Description>ANALOG OUTPUT4</Description>
  <Device_Type>0-10=0-100</Device_Type>
  <COV_Increment>0.500</COV_Increment>
  <High_Limit>100</High_Limit>
  <Low_Limit>0.000</Low_Limit>
  <Deadband>0.000</Deadband>
  <Limit_Enable>0</Limit_Enable>
  <Event_Enable>0</Event_Enable>
  <Notify_Type>0</Notify_Type>
  <Time_Delay>0</Time_Delay>
  <Notification_Class>1</Notification_Class>
 </key>
 <key  number="1232201">
  <Object_Name>ANALOG VALUE1</Object_Name>
  <Description>ANALOG VALUE 1</Description>
  <COV_Increment>0.500</COV_Increment>
  <High_Limit>100</High_Limit>
  <Low_Limit>0.000</Low_Limit>
  <Deadband>0.000</Deadband>
  <Limit_Enable>0</Limit_Enable>
  <Event_Enable>0</Event_Enable>
  <Notify_Type>0</Notify_Type>
  <Time_Delay>0</Time_Delay>
  <Notification_Class>1</Notification_Class>
 </key>
 <key  number="1232202">
  <Object_Name>ANALOG VALUE2</Object_Name>
  <Description>ANALOG VALUE 2</Description>
  <COV_Increment>0.500</COV_Increment>
  <High_Limit>100</High_Limit>
  <Low_Limit>0.000</Low_Limit>
  <Deadband>0.000</Deadband>
  <Limit_Enable>0</Limit_Enable>
  <Event_Enable>0</Event_Enable>
  <Notify_Type>0</Notify_Type>
  <Time_Delay>0</Time_Delay>
  <Notification_Class>1</Notification_Class>
 </key>
 <key  number="1232203">
  <Object_Name>ANALOG VALUE3</Object_Name>
  <Description>ANALOG VALUE3</Description>
  <COV_Increment>0.500</COV_Increment>
  <High_Limit>100</High_Limit>
  <Low_Limit>0.000</Low_Limit>
  <Deadband>0.000</Deadband>
  <Limit_Enable>0</Limit_Enable>
  <Event_Enable>0</Event_Enable>
  <Notify_Type>0</Notify_Type>
  <Time_Delay>0</Time_Delay>
  <Notification_Class>1</Notification_Class>
 </key>
 <key  number="1232204">
  <Object_Name>ANALOG VALUE4</Object_Name>
  <Description>ANALOG VALUE4</Description>
  <COV_Increment>0.500</COV_Increment>
  <High_Limit>100</High_Limit>
  <Low_Limit>0.000</Low_Limit>
  <Deadband>0.000</Deadband>
  <Limit_Enable>0</Limit_Enable>
  <Event_Enable>0</Event_Enable>
  <Notify_Type>0</Notify_Type>
  <Time_Delay>0</Time_Delay>
  <Notification_Class>1</Notification_Class>
 </key>
 <key  number="1232205">
  <Object_Name>ANALOG VALUE5</Object_Name>
  <Description>ANALOG VALUE5</Description>
  <COV_Increment>0.500</COV_Increment>
  <High_Limit>100</High_Limit>
  <Low_Limit>0.000</Low_Limit>
  <Deadband>0.000</Deadband>
  <Limit_Enable>0</Limit_Enable>
  <Event_Enable>0</Event_Enable>
  <Notify_Type>0</Notify_Type>
  <Time_Delay>0</Time_Delay>
  <Notification_Class>1</Notification_Class>
 </key>
 <key  number="1232301">
  <Object_Name>BINARY_INPUT1</Object_Name>
  <Description>BINARY_INPUT 1</Description>
  <Device>
  </Device>
  <Inactive_Text>Off</Inactive_Text>
  <Active_Text>On</Active_Text>
  <Event_Enable>0</Event_Enable>
  <Notify_Type>0</Notify_Type>
  <Time_Delay>0</Time_Delay>
  <Alarm_Value>0</Alarm_Value>
  <Notification_Class>1</Notification_Class>
 </key>
 <key  number="1232302">
  <Object_Name>BINARY_INPUT2</Object_Name>
  <Description>BINARY_INPUT 2</Description>
  <Device>
  </Device>
  <Inactive_Text>Off</Inactive_Text>
  <Active_Text>On</Active_Text>
  <Event_Enable>0</Event_Enable>
  <Notify_Type>0</Notify_Type>
  <Time_Delay>0</Time_Delay>
  <Alarm_Value>0</Alarm_Value>
  <Notification_Class>1</Notification_Class>
 </key>
 <key  number="1232303">
  <Object_Name>BINARY_INPUT3</Object_Name>
  <Description>BINARY_INPUT 3</Description>
  <Device>
  </Device>
  <Inactive_Text>Off</Inactive_Text>
  <Active_Text>On</Active_Text>
  <Event_Enable>0</Event_Enable>
  <Notify_Type>0</Notify_Type>
  <Time_Delay>0</Time_Delay>
  <Alarm_Value>0</Alarm_Value>
  <Notification_Class>1</Notification_Class>
 </key>
 <key  number="1232304">
  <Object_Name>BINARY_INPUT4</Object_Name>
  <Description>BINARY_INPUT 4</Description>
  <Device>
  </Device>
  <Inactive_Text>Off</Inactive_Text>
  <Active_Text>On</Active_Text>
  <Event_Enable>0</Event_Enable>
  <Notify_Type>0</Notify_Type>
  <Time_Delay>0</Time_Delay>
  <Alarm_Value>0</Alarm_Value>
  <Notification_Class>1</Notification_Class>
 </key>
 <key  number="1232305">
  <Object_Name>BINARY_INPUT5</Object_Name>
  <Description>BINARY_INPUT 5</Description>
  <Device>
  </Device>
  <Inactive_Text>Off</Inactive_Text>
  <Active_Text>On</Active_Text>
  <Event_Enable>0</Event_Enable>
  <Notify_Type>0</Notify_Type>
  <Time_Delay>0</Time_Delay>
  <Alarm_Value>0</Alarm_Value>
  <Notification_Class>1</Notification_Class>
 </key>
 <key  number="1232306">
  <Object_Name>BINARY_INPUT6</Object_Name>
  <Description>BINARY_INPUT 6</Description>
  <Device>
  </Device>
  <Inactive_Text>Off</Inactive_Text>
  <Active_Text>On</Active_Text>
  <Event_Enable>0</Event_Enable>
  <Notify_Type>0</Notify_Type>
  <Time_Delay>0</Time_Delay>
  <Alarm_Value>0</Alarm_Value>
  <Notification_Class>1</Notification_Class>
 </key>
 <key  number="1232307">
  <Object_Name>BINARY_INPUT7</Object_Name>
  <Description>BINARY_INPUT 7</Description>
  <Device>
  </Device>
  <Inactive_Text>Off</Inactive_Text>
  <Active_Text>On</Active_Text>
  <Event_Enable>0</Event_Enable>
  <Notify_Type>0</Notify_Type>
  <Time_Delay>0</Time_Delay>
  <Alarm_Value>0</Alarm_Value>
  <Notification_Class>1</Notification_Class>
 </key>
 <key  number="1232308">
  <Object_Name>BINARY_INPUT8</Object_Name>
  <Description>BINARY_INPUT 8</Description>
  <Device>
  </Device>
  <Inactive_Text>Off</Inactive_Text>
  <Active_Text>On</Active_Text>
  <Event_Enable>0</Event_Enable>
  <Notify_Type>0</Notify_Type>
  <Time_Delay>0</Time_Delay>
  <Alarm_Value>0</Alarm_Value>
  <Notification_Class>1</Notification_Class>
 </key>
 <key  number="1232309">
  <Object_Name>BINARY_INPUT9</Object_Name>
  <Description>BINARY_INPUT 9</Description>
  <Device>
  </Device>
  <Inactive_Text>Off</Inactive_Text>
  <Active_Text>On</Active_Text>
  <Event_Enable>0</Event_Enable>
  <Notify_Type>0</Notify_Type>
  <Time_Delay>0</Time_Delay>
  <Alarm_Value>0</Alarm_Value>
  <Notification_Class>1</Notification_Class>
 </key>
 <key  number="1232310">
  <Object_Name>BINARY_INPUT10</Object_Name>
  <Description>BINARY_INPUT10</Description>
  <Device>
  </Device>
  <Inactive_Text>Off</Inactive_Text>
  <Active_Text>On</Active_Text>
  <Event_Enable>0</Event_Enable>
  <Notify_Type>0</Notify_Type>
  <Time_Delay>0</Time_Delay>
  <Alarm_Value>0</Alarm_Value>
  <Notification_Class>1</Notification_Class>
 </key>
 <key  number="1232311">
  <Object_Name>BINARY_INPUT11</Object_Name>
  <Description>BINARY_INPUT11</Description>
  <Device>
  </Device>
  <Inactive_Text>Off</Inactive_Text>
  <Active_Text>On</Active_Text>
  <Event_Enable>0</Event_Enable>
  <Notify_Type>0</Notify_Type>
  <Time_Delay>0</Time_Delay>
  <Alarm_Value>0</Alarm_Value>
  <Notification_Class>1</Notification_Class>
 </key>
 <key  number="1232312">
  <Object_Name>BINARY_INPUT12</Object_Name>
  <Description>BINARY_INPUT12</Description>
  <Device>
  </Device>
  <Inactive_Text>Off</Inactive_Text>
  <Active_Text>On</Active_Text>
  <Event_Enable>0</Event_Enable>
  <Notify_Type>0</Notify_Type>
  <Time_Delay>0</Time_Delay>
  <Alarm_Value>0</Alarm_Value>
  <Notification_Class>1</Notification_Class>
 </key>
 <key  number="1232313">
  <Object_Name>BINARY_INPUT13</Object_Name>
  <Description>BINARY_INPUT13</Description>
  <Device>
  </Device>
  <Inactive_Text>Off</Inactive_Text>
  <Active_Text>On</Active_Text>
  <Event_Enable>0</Event_Enable>
  <Notify_Type>0</Notify_Type>
  <Time_Delay>0</Time_Delay>
  <Alarm_Value>0</Alarm_Value>
  <Notification_Class>1</Notification_Class>
 </key>
 <key  number="1232314">
  <Object_Name>BINARY_INPUT14</Object_Name>
  <Description>BINARY_INPUT14</Description>
  <Device>
  </Device>
  <Inactive_Text>Off</Inactive_Text>
  <Active_Text>On</Active_Text>
  <Event_Enable>0</Event_Enable>
  <Notify_Type>0</Notify_Type>
  <Time_Delay>0</Time_Delay>
  <Alarm_Value>0</Alarm_Value>
  <Notification_Class>1</Notification_Class>
 </key>
 <key  number="1232315">
  <Object_Name>BINARY_INPUT15</Object_Name>
  <Description>BINARY_INPUT15</Description>
  <Device>
  </Device>
  <Inactive_Text>Off</Inactive_Text>
  <Active_Text>On</Active_Text>
  <Event_Enable>0</Event_Enable>
  <Notify_Type>0</Notify_Type>
  <Time_Delay>0</Time_Delay>
  <Alarm_Value>0</Alarm_Value>
  <Notification_Class>1</Notification_Class>
 </key>
 <key  number="1232316">
  <Object_Name>BINARY_INPUT16</Object_Name>
  <Description>BINARY_INPUT16</Description>
  <Device>
  </Device>
  <Inactive_Text>Off</Inactive_Text>
  <Active_Text>On</Active_Text>
  <Event_Enable>0</Event_Enable>
  <Notify_Type>0</Notify_Type>
  <Time_Delay>0</Time_Delay>
  <Alarm_Value>0</Alarm_Value>
  <Notification_Class>1</Notification_Class>
 </key>
 <key  number="1232321">
  <Object_Name>BI21</Object_Name>
  <Description>BINARY_INPUT 2</Description>
  <Device>
  </Device>
  <Inactive_Text>Off</Inactive_Text>
  <Active_Text>On</Active_Text>
  <Event_Enable>0</Event_Enable>
  <Notify_Type>0</Notify_Type>
  <Time_Delay>0</Time_Delay>
  <Alarm_Value>0</Alarm_Value>
  <Notification_Class>1</Notification_Class>
 </key>
 <key  number="1232322">
  <Object_Name>BI22</Object_Name>
  <Description>BI22</Description>
  <Device>
  </Device>
  <Inactive_Text>Off</Inactive_Text>
  <Active_Text>On</Active_Text>
  <Event_Enable>0</Event_Enable>
  <Notify_Type>0</Notify_Type>
  <Time_Delay>0</Time_Delay>
  <Alarm_Value>0</Alarm_Value>
  <Notification_Class>1</Notification_Class>
 </key>
 <key  number="1232323">
  <Object_Name>BI23</Object_Name>
  <Description>BI23</Description>
  <Device>
  </Device>
  <Inactive_Text>Off</Inactive_Text>
  <Active_Text>On</Active_Text>
  <Event_Enable>0</Event_Enable>
  <Notify_Type>0</Notify_Type>
  <Time_Delay>0</Time_Delay>
  <Alarm_Value>0</Alarm_Value>
  <Notification_Class>1</Notification_Class>
 </key>
 <key  number="1232324">
  <Object_Name>BI24</Object_Name>
  <Description>BI24</Description>
  <Device>
  </Device>
  <Inactive_Text>Off</Inactive_Text>
  <Active_Text>On</Active_Text>
  <Event_Enable>0</Event_Enable>
  <Notify_Type>0</Notify_Type>
  <Time_Delay>0</Time_Delay>
  <Alarm_Value>0</Alarm_Value>
  <Notification_Class>1</Notification_Class>
 </key>
 <key  number="1232325">
  <Object_Name>BI25</Object_Name>
  <Description>BI25</Description>
  <Device>
  </Device>
  <Inactive_Text>Off</Inactive_Text>
  <Active_Text>On</Active_Text>
  <Event_Enable>0</Event_Enable>
  <Notify_Type>0</Notify_Type>
  <Time_Delay>0</Time_Delay>
  <Alarm_Value>0</Alarm_Value>
  <Notification_Class>1</Notification_Class>
 </key>
 <key  number="1232326">
  <Object_Name>BI26</Object_Name>
  <Description>BI26</Description>
  <Device>
  </Device>
  <Inactive_Text>Off</Inactive_Text>
  <Active_Text>On</Active_Text>
  <Event_Enable>0</Event_Enable>
  <Notify_Type>0</Notify_Type>
  <Time_Delay>0</Time_Delay>
  <Alarm_Value>0</Alarm_Value>
  <Notification_Class>1</Notification_Class>
 </key>
 <key  number="1232327">
  <Object_Name>BI27</Object_Name>
  <Description>BI27</Description>
  <Device>
  </Device>
  <Inactive_Text>Off</Inactive_Text>
  <Active_Text>On</Active_Text>
  <Event_Enable>0</Event_Enable>
  <Notify_Type>0</Notify_Type>
  <Time_Delay>0</Time_Delay>
  <Alarm_Value>0</Alarm_Value>
  <Notification_Class>1</Notification_Class>
 </key>
 <key  number="1232328">
  <Object_Name>BI28</Object_Name>
  <Description>BI28</Description>
  <Device>
  </Device>
  <Inactive_Text>Off</Inactive_Text>
  <Active_Text>On</Active_Text>
  <Event_Enable>0</Event_Enable>
  <Notify_Type>0</Notify_Type>
  <Time_Delay>0</Time_Delay>
  <Alarm_Value>0</Alarm_Value>
  <Notification_Class>1</Notification_Class>
 </key>
 <key  number="1232401">
  <Object_Name>BINARY_OUTPUT 1</Object_Name>
  <Description>BINARY_OUTPUT 1</Description>
  <Device_Type>normal</Device_Type>
  <Inactive_Text>Off</Inactive_Text>
  <Active_Text>On</Active_Text>
  <Event_Enable>0</Event_Enable>
  <Notify_Type>0</Notify_Type>
  <Time_Delay>0</Time_Delay>
  <Alarm_Value>0</Alarm_Value>
  <Notification_Class>1</Notification_Class>
 </key>
 <key  number="1232402">
  <Object_Name>BINARY_OUTPUT 2</Object_Name>
  <Description>BINARY_OUTPUT 2</Description>
  <Device_Type>normal</Device_Type>
  <Inactive_Text>Off</Inactive_Text>
  <Active_Text>On</Active_Text>
  <Event_Enable>0</Event_Enable>
  <Notify_Type>0</Notify_Type>
  <Time_Delay>0</Time_Delay>
  <Alarm_Value>0</Alarm_Value>
  <Notification_Class>1</Notification_Class>
 </key>
 <key  number="1232403">
  <Object_Name>BINARY_OUTPUT 3</Object_Name>
  <Description>BINARY_OUTPUT 3</Description>
  <Device_Type>normal</Device_Type>
  <Inactive_Text>Off</Inactive_Text>
  <Active_Text>On</Active_Text>
  <Event_Enable>0</Event_Enable>
  <Notify_Type>0</Notify_Type>
  <Time_Delay>0</Time_Delay>
  <Alarm_Value>0</Alarm_Value>
  <Notification_Class>1</Notification_Class>
 </key>
 <key  number="1232404">
  <Object_Name>BINARY_OUTPUT 4</Object_Name>
  <Description>BINARY_OUTPUT 4</Description>
  <Device_Type>normal</Device_Type>
  <Inactive_Text>Off</Inactive_Text>
  <Active_Text>On</Active_Text>
  <Event_Enable>0</Event_Enable>
  <Notify_Type>0</Notify_Type>
  <Time_Delay>0</Time_Delay>
  <Alarm_Value>0</Alarm_Value>
  <Notification_Class>1</Notification_Class>
 </key>
 <key  number="1232405">
  <Object_Name>BINARY_OUTPUT 5</Object_Name>
  <Description>BINARY_OUTPUT 5</Description>
  <Device_Type>normal</Device_Type>
  <Inactive_Text>Off</Inactive_Text>
  <Active_Text>On</Active_Text>
  <Event_Enable>0</Event_Enable>
  <Notify_Type>0</Notify_Type>
  <Time_Delay>0</Time_Delay>
  <Alarm_Value>0</Alarm_Value>
  <Notification_Class>1</Notification_Class>
 </key>
 <key  number="1232406">
  <Object_Name>BINARY_OUTPUT 6</Object_Name>
  <Description>BINARY_OUTPUT 6</Description>
  <Device_Type>normal</Device_Type>
  <Inactive_Text>Off</Inactive_Text>
  <Active_Text>On</Active_Text>
  <Event_Enable>0</Event_Enable>
  <Notify_Type>0</Notify_Type>
  <Time_Delay>0</Time_Delay>
  <Alarm_Value>0</Alarm_Value>
  <Notification_Class>1</Notification_Class>
 </key>
 <key  number="1232421">
  <Object_Name>BO21</Object_Name>
  <Description>BO21</Description>
  <Device_Type>normal</Device_Type>
  <Inactive_Text>Off</Inactive_Text>
  <Active_Text>On</Active_Text>
  <Event_Enable>0</Event_Enable>
  <Notify_Type>0</Notify_Type>
  <Time_Delay>0</Time_Delay>
  <Alarm_Value>0</Alarm_Value>
  <Notification_Class>1</Notification_Class>
 </key>
 <key  number="1232422">
  <Object_Name>BO22</Object_Name>
  <Description>BO22</Description>
  <Device_Type>normal</Device_Type>
  <Inactive_Text>Off</Inactive_Text>
  <Active_Text>On</Active_Text>
  <Event_Enable>0</Event_Enable>
  <Notify_Type>0</Notify_Type>
  <Time_Delay>0</Time_Delay>
  <Alarm_Value>0</Alarm_Value>
  <Notification_Class>1</Notification_Class>
 </key>
 <key  number="1232423">
  <Object_Name>BO23</Object_Name>
  <Description>BO23</Description>
  <Device_Type>normal</Device_Type>
  <Inactive_Text>Off</Inactive_Text>
  <Active_Text>On</Active_Text>
  <Event_Enable>0</Event_Enable>
  <Notify_Type>0</Notify_Type>
  <Time_Delay>0</Time_Delay>
  <Alarm_Value>0</Alarm_Value>
  <Notification_Class>1</Notification_Class>
 </key>
 <key  number="1232424">
  <Object_Name>BO24</Object_Name>
  <Description>BO24</Description>
  <Device_Type>normal</Device_Type>
  <Inactive_Text>Off</Inactive_Text>
  <Active_Text>On</Active_Text>
  <Event_Enable>0</Event_Enable>
  <Notify_Type>0</Notify_Type>
  <Time_Delay>0</Time_Delay>
  <Alarm_Value>0</Alarm_Value>
  <Notification_Class>1</Notification_Class>
 </key>
 <key  number="1232501">
  <Object_Name>BINARY_VALUE1</Object_Name>
  <Description>BINARY_VALUE1</Description>
  <Device_Type>normal</Device_Type>
  <Inactive_Text>Off</Inactive_Text>
  <Active_Text>On</Active_Text>
  <Event_Enable>0</Event_Enable>
  <Notify_Type>0</Notify_Type>
  <Time_Delay>0</Time_Delay>
  <Alarm_Value>0</Alarm_Value>
  <Notification_Class>1</Notification_Class>
 </key>
 <key  number="1232502">
  <Object_Name>BINARY_VALUE2</Object_Name>
  <Description>BINARY_VALUE2</Description>
  <Device_Type>normal</Device_Type>
  <Inactive_Text>Off</Inactive_Text>
  <Active_Text>On</Active_Text>
  <Event_Enable>0</Event_Enable>
  <Notify_Type>0</Notify_Type>
  <Time_Delay>0</Time_Delay>
  <Alarm_Value>0</Alarm_Value>
  <Notification_Class>1</Notification_Class>
 </key>
 <key  number="1232503">
  <Object_Name>BINARY_VALUE3</Object_Name>
  <Description>BINARY_VALUE3</Description>
  <Device_Type>normal</Device_Type>
  <Inactive_Text>Off</Inactive_Text>
  <Active_Text>On</Active_Text>
  <Event_Enable>0</Event_Enable>
  <Notify_Type>0</Notify_Type>
  <Time_Delay>0</Time_Delay>
  <Alarm_Value>0</Alarm_Value>
  <Notification_Class>1</Notification_Class>
 </key>
 <key  number="1232504">
  <Object_Name>BINARY_VALUE4</Object_Name>
  <Description>BINARY_VALUE4</Description>
  <Device_Type>normal</Device_Type>
  <Inactive_Text>Off</Inactive_Text>
  <Active_Text>On</Active_Text>
  <Event_Enable>0</Event_Enable>
  <Notify_Type>0</Notify_Type>
  <Time_Delay>0</Time_Delay>
  <Alarm_Value>0</Alarm_Value>
  <Notification_Class>1</Notification_Class>
 </key>
 <key  number="1232505">
  <Object_Name>BINARY_VALUE5</Object_Name>
  <Description>BINARY_VALUE5</Description>
  <Device_Type>normal</Device_Type>
  <Inactive_Text>Off</Inactive_Text>
  <Active_Text>On</Active_Text>
  <Event_Enable>0</Event_Enable>
  <Notify_Type>0</Notify_Type>
  <Time_Delay>0</Time_Delay>
  <Alarm_Value>0</Alarm_Value>
  <Notification_Class>1</Notification_Class>
 </key>
 <key  number="1232525">
  <Object_Name>BV25</Object_Name>
  <Description>BV25</Description>
  <Device_Type>normal</Device_Type>
  <Inactive_Text>Off</Inactive_Text>
  <Active_Text>On</Active_Text>
  <Event_Enable>0</Event_Enable>
  <Notify_Type>0</Notify_Type>
  <Time_Delay>0</Time_Delay>
  <Alarm_Value>0</Alarm_Value>
  <Notification_Class>1</Notification_Class>
 </key>
 <key  number="1232801">
  <Object_Name>i1024Controller</Object_Name>
 </key>
</root>